pmid,subject,relation,object,found,relation_term_matched,distance_chars,snippet
PMC7274273,Ophiocordyceps unilateralis,pathogenOf,Camponotus sericeiventris,True,True,1,"None more so than within the type of O. unilateralis on Camponotus sericeiventris , in which the evidence from Honduran collections suggests that different subspecies of the ant occur within the same forest habitat and that this is reflected in different death positions of the infected ants, as well as in morphological variation within the fungal pathogen. In order to coexist, the ant subspecies must occupy different niches within this ecosystem and, therefore, the fungus may also have evolved at the subspecies level with different morphological (spore forms) and physiological (neurotoxins) traits to maximize infection."
PMC2877093,Lactococcus,interactsWith,Solenopsis invicta,True,True,3,"Lactococcus garvaeae was also found in the stomachs of the more predatory carabid, Poecilus chalcites [44] and the stomachs of fire ants ( Solenopsis invicta ) [62] . Other research has found that changes in an insect's diet accompany changes in bacterial gut communities [64] , [75] ; for example, substantially different bacterial communities resided within cohorts of Lymantria dispar (Lepidoptera: Lymantriidae) caterpillars fed different host plants [64] . Although diet-associated changes in bacterial symbionts are well documented [4] , [8] ,"
PMC3047535,Ophiocordyceps unilateralis,interactsWith,Camponotus sericeiventris,True,True,3,"1a–b ]: who is noted for the accuracy of his drawings. Clearly, the ant host depicted is not a leaf-cutter and strongly resembles a carpenter ant, specifically Camponotus sericeiventris Mayr based on the distinctive pronotal plate (Stefan Cover, Museum of Comparative Zoology, Harvard Museum, pers. comm., May 2010; see Fig. 1c ). In addition, after more than 150 years of collecting, O. unilateralis has only ever been recorded on ant hosts of the tribe Camponotini , whilst leaf-cutting ants appear to be remarkably free from infections by entomopathogenic fungi with few confirmed associations"
PMC3047535,Ophiocordyceps camponoti-balzani,interactsWith,Camponotini,True,True,3,"From these preliminary data, it is tantalising to speculate that each species of the tribe Camponotini may be attacked by a distinct species of Ophiocordyceps . However, no studies, up until now, have examined living material and, therefore, there are few details of patterns of septation (this is difficult to establish in immature or non-discharged spores) and germination, which are considered here as critical additional characters to separate species. Circumstantial evidence can be gleaned from the literature revealing considerable variation in stromatal and ascospore morphology between collections [1] , [2] , [8] , [11] , as well as in anamorph morphology [8] . Indeed, the latter study shows a striking range of synanamorphs associated with species of Polyrhachis in Africa."
PMC3047535,Ophiocordyceps,interactsWith,Camponotini,True,True,3,"From these preliminary data, it is tantalising to speculate that each species of the tribe Camponotini may be attacked by a distinct species of Ophiocordyceps . However, no studies, up until now, have examined living material and, therefore, there are few details of patterns of septation (this is difficult to establish in immature or non-discharged spores) and germination, which are considered here as critical additional characters to separate species. Circumstantial evidence can be gleaned from the literature revealing considerable variation in stromatal and ascospore morphology between collections [1] , [2] , [8] , [11] , as well as in anamorph morphology [8] . Indeed, the latter study shows a striking range of synanamorphs associated with species of Polyrhachis in Africa."
PMC3047535,Ophiocordyceps camponoti-novogranadensis,interactsWith,Camponotini,True,True,3,"From these preliminary data, it is tantalising to speculate that each species of the tribe Camponotini may be attacked by a distinct species of Ophiocordyceps . However, no studies, up until now, have examined living material and, therefore, there are few details of patterns of septation (this is difficult to establish in immature or non-discharged spores) and germination, which are considered here as critical additional characters to separate species. Circumstantial evidence can be gleaned from the literature revealing considerable variation in stromatal and ascospore morphology between collections [1] , [2] , [8] , [11] , as well as in anamorph morphology [8] . Indeed, the latter study shows a striking range of synanamorphs associated with species of Polyrhachis in Africa."
PMC3047535,Ophiocordyceps camponoti-rufipedis,interactsWith,Camponotini,True,True,3,"From these preliminary data, it is tantalising to speculate that each species of the tribe Camponotini may be attacked by a distinct species of Ophiocordyceps . However, no studies, up until now, have examined living material and, therefore, there are few details of patterns of septation (this is difficult to establish in immature or non-discharged spores) and germination, which are considered here as critical additional characters to separate species. Circumstantial evidence can be gleaned from the literature revealing considerable variation in stromatal and ascospore morphology between collections [1] , [2] , [8] , [11] , as well as in anamorph morphology [8] . Indeed, the latter study shows a striking range of synanamorphs associated with species of Polyrhachis in Africa."
PMC3342268,Ophiocordyceps camponoti-rufipedis,pathogenOf,Camponotus rufipes,True,True,3,"We show that most parasite fruiting bodies are incapable of transmitting infectious propagules because of hyperparasitism, but that iteroparous reproduction appears essential for maintaining marginally positive growth rates in ant graveyards. Our results suggest that slow development of fruiting bodies and iteroparous reproduction are likely to be adaptations that achieve long-term persistence with host-ant colonies. This is because infection success of spores is likely to be low as new host ants are difficult to target in both time and space, so that prolonged survival of fruiting bodies increases parasite reproductive success in spite of relatively high costs of hyperparasitism.   MATERIALS AND METHODS  The common ant Camponotus rufipes is host to the specialized parasite Ophiocordyceps camponoti-rufipedis in the Atlantic rainforests of Brazil [24] ."
PMC3679412,Acromyrmex,eats,Agrocybe cylindracea,True,True,3,"Basidiospores of Psilocybe coprophila from a mature fruit-body collected at the observation site. Although A. lobicornis is known to harvest a variety of plants (Franzel and Farji-Brener 2000 ), fungi have not been described as being part of its collections before. Indeed, to the best of our knowledge the study by Lechner and Josens ( 2012 ) is the only previous observation of any leaf-cutting ant species collecting fungal basidiocarps. In that study, fruit bodies of Agrocybe cylindracea (DC) Maire that had grown on the surface of Populus bark in Buenos Aires (Argentina) were collected by Acromyrmex lundii Guérin-Méneville."
PMC3679412,Acromyrmex,eats,Agrocybe,True,True,3,"Basidiospores of Psilocybe coprophila from a mature fruit-body collected at the observation site. Although A. lobicornis is known to harvest a variety of plants (Franzel and Farji-Brener 2000 ), fungi have not been described as being part of its collections before. Indeed, to the best of our knowledge the study by Lechner and Josens ( 2012 ) is the only previous observation of any leaf-cutting ant species collecting fungal basidiocarps. In that study, fruit bodies of Agrocybe cylindracea (DC) Maire that had grown on the surface of Populus bark in Buenos Aires (Argentina) were collected by Acromyrmex lundii Guérin-Méneville."
PMC3679412,Acromyrmex,eats,Deconica coprophila,True,True,3,Both immature and fully expanded basidiocarps were collected (see Additional file 1). Further documentation is available from the corresponding author upon request. Figure 1 Worker (forager) of Acromyrmex lobicornis carrying an immature basidiocarp of Psilocybe coprophila .
PMC3679412,Formicidae,eats,Strophariaceae,True,True,3,"Basidiospores of Psilocybe coprophila from a mature fruit-body collected at the observation site. Although A. lobicornis is known to harvest a variety of plants (Franzel and Farji-Brener 2000 ), fungi have not been described as being part of its collections before. Indeed, to the best of our knowledge the study by Lechner and Josens ( 2012 ) is the only previous observation of any leaf-cutting ant species collecting fungal basidiocarps. In that study, fruit bodies of Agrocybe cylindracea (DC) Maire that had grown on the surface of Populus bark in Buenos Aires (Argentina) were collected by Acromyrmex lundii Guérin-Méneville."
PMC3695770,Tetraponera,hasHost,Bacteria,True,True,3,"Relationships between obligate symbioses and instances of co-evolution have been reported for mealybugs [ 3 ], whiteflies [ 4 ], weevils [ 5 ], tsetse flies [ 6 ], cockroaches and termites [ 7 ], aphids [ 8 ], planthoppers [ 9 ], carpenter ants [ 10 ]. In previous work of ours we have examined a number of symbiotic occurrences within dipterans, describing the novel species ‘ Candidatus Erwinia dacicola’ dwelling in the oesophageal bulb of the olive fly [ 11 , 12 ] and the novel genus Stammerula, [ 13 ]; for which we highlighted evidences of joint evolution with the insects [ 14 , 15 ]. Hosting bacteria can result in different benefits for insects, among which a specific nutritional complementation is critical for those living on a markedly imbalanced diet, e.g. aphids [ 16 ] or ants. In the latter example trophic metabolism has been recognized as a major contributor of evolutionary shifts [ 17 ], as in the case of the Tetraponera ants [ 18 ]."
PMC4653770,Formicidae,symbiontOf,Chaetothyriales,True,True,3,"The ant-fungus symbiosis probably originated 50 million years ago ( 7 , 8 ). Interestingly, isolates of black yeasts similar to Phialophora located in basal and derived ant genera suggest this association might have been started early in the evolutionary history of this symbiosis ( 9 ). Phialophora attae CBS 131958 was isolated from the cuticle of gynes of Atta capiguara ( 10 ). Phylogenetic analyses showed this ant-associated species is affiliated to the europaea clade ( Cyphellophoraceae ), which comprises members involved in human cutaneous and superficial infections and plant debris-inhabiting species ( 11 )."
PMC5062602,Wolbachia,pathogenOf,Solenopsis invicta,True,True,3,"Ankyrin repeats and TPRs mediate a broad range of protein–protein interactions (apoptosis, cell signalling, inflammatory response and so on) within eukaryotic cells and are commonly associated with effector proteins of certain intracellular pathogens 35 36 . In Wolbachia , ankyrins within the core phage genome have been associated with reproductive manipulation of the insect host 37 38 . While generally rare in viral genomes ( Supplementary Figs 2 and 3 ), these repeat regions occur in all prophage WO haplotypes from sequenced Wolbachia genomes ( N =23). Phylogenetic analysis using reciprocal BLASTP hits ( Fig. 4 ) shows that the N-terminal sequences of the TPR-containing gwv_1093 are embedded within a diverse set of homologues from many arthropod lineages ( Fig. 4b ), with the most recent transfer putatively occurring between phage WO and Solenopsis invicta ( Fig. 4c )."
PMC5415117,Formicidae,symbiontOf,Agaricaceae,True,True,3,"The latter ants use fresh plant materials for manuring their gardens and belong to the Atta and Acromyrmex genera ( Currie, 2001 ). Atta and Acromyrmex genera of ants are the most serious agricultural pest of tropical and subtropical America, causing enormous economic damage to the neotropic agricultural industry ( Wirth et al., 2003 ). The possibility of controlling leaf-cutting ants with biological methods has generated great interest in diverse studies involving the fungi cultivated by ants. Ants of the Attini tribe live in obligate symbiosis with a basidiomycete fungus of the Agaricaceae family which is the essential food source for the larvae and queen ( Currie, 2001 , Fisher et al., 1994 , Lange and Grell, 2014 , Miyashira et al., 2010 )."
PMC5415117,Acromyrmex,symbiontOf,Leucoagaricus,True,True,3,"Moncalvo et al. (2002) conducted a molecular phylogenetic study of Euagarics with nuclear large ribosomal subunit gene sequences (nLSU) and although they demonstrated the existence of several clades composed of members of diverse traditional groups, they placed most Leucoagaricus species and fungal symbionts of leaf-cutting ants in one single clade. In some studies, genetic markers such as ribosomal gene (rDNA), internal transcribed spacer (ITS), and part of elongation factor 1-α gene (EF 1-α), have been used for the molecular characterization and phylogenetic studies of fungal symbionts of ants ( Chapela et al., 1994 , Lugo et al., 2013 , Ortiz et al., 2008 , Silva et al., 2004 ). In Argentina there is only one initial molecular study of the Leucoagaricus fungus ( Lugo et al., 2013 ). These authors isolated and identified both, morphologically and genetically the fungi cultured by two populations of Acromyrmex lobicornis from the center of Argentina."
PMC5415117,Acromyrmex,symbiontOf,Leucoagaricus gongylophorus,True,True,3,"Moncalvo et al. (2002) conducted a molecular phylogenetic study of Euagarics with nuclear large ribosomal subunit gene sequences (nLSU) and although they demonstrated the existence of several clades composed of members of diverse traditional groups, they placed most Leucoagaricus species and fungal symbionts of leaf-cutting ants in one single clade. In some studies, genetic markers such as ribosomal gene (rDNA), internal transcribed spacer (ITS), and part of elongation factor 1-α gene (EF 1-α), have been used for the molecular characterization and phylogenetic studies of fungal symbionts of ants ( Chapela et al., 1994 , Lugo et al., 2013 , Ortiz et al., 2008 , Silva et al., 2004 ). In Argentina there is only one initial molecular study of the Leucoagaricus fungus ( Lugo et al., 2013 ). These authors isolated and identified both, morphologically and genetically the fungi cultured by two populations of Acromyrmex lobicornis from the center of Argentina."
PMC5651009,Ophiocordyceps kniphofioides,pathogenOf,Dinoponera longipes,True,True,3,"All of the insect species examined (those from which entomopathogenic fungi were isolated) had more than three different associated Actinobacteria strains that were capable of producing zones of inhibition in co-culture in vitro bioassays ( Figure 9 ). Cordyceps fungi are characterized by being host specialized parasites. For example, the zombie ant fungus Ophiocordyceps unilateralis is an antagonist of ants in the tribe Camponotini (Formicinae, Formicidae), with less common infections reported on Polyrhachis ants ( Pontoppidan et al., 2009 ; Andersen et al., 2012 ). Similarly, Ophiocordyceps kniphofioides infects Cephalotes atratus (Formicidae: Myrmicinae), Paraponera clavata , and Dinoponera longipes (Formicidae: Ponerinae) ants ( Evans and Samson, 1982 ;"
PMC5651009,Ophiocordyceps,pathogenOf,Cephalotes,True,True,3,"All of the insect species examined (those from which entomopathogenic fungi were isolated) had more than three different associated Actinobacteria strains that were capable of producing zones of inhibition in co-culture in vitro bioassays ( Figure 9 ). Cordyceps fungi are characterized by being host specialized parasites. For example, the zombie ant fungus Ophiocordyceps unilateralis is an antagonist of ants in the tribe Camponotini (Formicinae, Formicidae), with less common infections reported on Polyrhachis ants ( Pontoppidan et al., 2009 ; Andersen et al., 2012 ). Similarly, Ophiocordyceps kniphofioides infects Cephalotes atratus (Formicidae: Myrmicinae), Paraponera clavata , and Dinoponera longipes (Formicidae: Ponerinae) ants ( Evans and Samson, 1982 ;"
PMC5651009,Streptomycetaceae,interactsWith,Formicidae,True,True,3,"Similarly, Ophiocordyceps kniphofioides infects Cephalotes atratus (Formicidae: Myrmicinae), Paraponera clavata , and Dinoponera longipes (Formicidae: Ponerinae) ants ( Evans and Samson, 1982 ; Sanjuan et al., 2015 ). In this study, it has been shown that different strains of Streptomyces isolated from P. clavata ants could inhibit the ant’s parasitic fungus O. kniphofioides ( Figure 10 ). Bioassay, antifungal activity screening from Actinobacteria isolates associated with P. clavata against O. kniphofioides ."
PMC5651009,Ophiocordyceps,pathogenOf,Dinoponera,True,True,3,"All of the insect species examined (those from which entomopathogenic fungi were isolated) had more than three different associated Actinobacteria strains that were capable of producing zones of inhibition in co-culture in vitro bioassays ( Figure 9 ). Cordyceps fungi are characterized by being host specialized parasites. For example, the zombie ant fungus Ophiocordyceps unilateralis is an antagonist of ants in the tribe Camponotini (Formicinae, Formicidae), with less common infections reported on Polyrhachis ants ( Pontoppidan et al., 2009 ; Andersen et al., 2012 ). Similarly, Ophiocordyceps kniphofioides infects Cephalotes atratus (Formicidae: Myrmicinae), Paraponera clavata , and Dinoponera longipes (Formicidae: Ponerinae) ants ( Evans and Samson, 1982 ;"
PMC5651009,Ophiocordyceps,pathogenOf,Paraponera,True,True,3,"Finally, a fungal isolate classified by ITS and SSU sequences as Engyodontium sp. was included in the study. This isolate was obtained from an Agelaia wasp cadaver infected by an Ophiocordyceps fungus that was collected at La Selva in November 2014. Although, to our knowledge there is no evidence of Engyodontium fungus being pathogens of hymenopteran insects, there have been reports of this fungal genus being a pathogen of another insect group ( Samson et al., 2013 ). Paraponera clavata ant parasitized by fungi."
PMC5651009,Ophiocordyceps unilateralis,pathogenOf,Camponotini,True,True,3,"Different strains of Ophiocordyceps ( Hirsutella ) fungi were isolated and blastospores were obtained in high concentrations to screen for Actinobacteria antifungal activity in vitro . All of the insect species examined (those from which entomopathogenic fungi were isolated) had more than three different associated Actinobacteria strains that were capable of producing zones of inhibition in co-culture in vitro bioassays ( Figure 9 ). Cordyceps fungi are characterized by being host specialized parasites. For example, the zombie ant fungus Ophiocordyceps unilateralis is an antagonist of ants in the tribe Camponotini (Formicinae, Formicidae), with less common infections reported on Polyrhachis ants ( Pontoppidan et al., 2009 ; Andersen et al., 2012 )."
PMC5651009,Streptomyces,interactsWith,Paratrechina longicornis,True,True,3,"Likewise, in a different study, Promnuan et al. (2009) reported the isolation of Actinobacteria from brood cells of Trigona bee hives. Consequently, we obtained 12 actinomycete isolates from the internal colony components of a related stingless bee, T. angustula. Streptomyces was the predominant genus of culturable Actinobacteria associated with insect colonies in the present study. These results are consistent with similar studies employing culture-dependent isolation approaches in Apis and Trigona bees ( Promnuan et al., 2009 ), Dendroctonus beetles ( Hulcr et al., 2011 ), Polistes dominulus wasps ( Madden et al., 2013 ) and Pseudomyrmex penetrator , Petalomyrmex phylax , and Crematogaster margaritae ants as well as culture-independent techniques, as the case for P. longicornis ( Reyes and Cafaro, 2014 )."
PMC5651009,Streptomyces,interactsWith,Pseudomyrmex penetrator,True,True,3,"Likewise, in a different study, Promnuan et al. (2009) reported the isolation of Actinobacteria from brood cells of Trigona bee hives. Consequently, we obtained 12 actinomycete isolates from the internal colony components of a related stingless bee, T. angustula. Streptomyces was the predominant genus of culturable Actinobacteria associated with insect colonies in the present study. These results are consistent with similar studies employing culture-dependent isolation approaches in Apis and Trigona bees ( Promnuan et al., 2009 ), Dendroctonus beetles ( Hulcr et al., 2011 ), Polistes dominulus wasps ( Madden et al., 2013 ) and Pseudomyrmex penetrator , Petalomyrmex phylax , and Crematogaster margaritae ants as well as culture-independent techniques, as the case for P. longicornis ( Reyes and Cafaro, 2014 )."
PMC5651009,Streptomyces,interactsWith,Pseudomyrmex,True,True,3,"Likewise, in a different study, Promnuan et al. (2009) reported the isolation of Actinobacteria from brood cells of Trigona bee hives. Consequently, we obtained 12 actinomycete isolates from the internal colony components of a related stingless bee, T. angustula. Streptomyces was the predominant genus of culturable Actinobacteria associated with insect colonies in the present study. These results are consistent with similar studies employing culture-dependent isolation approaches in Apis and Trigona bees ( Promnuan et al., 2009 ), Dendroctonus beetles ( Hulcr et al., 2011 ), Polistes dominulus wasps ( Madden et al., 2013 ) and Pseudomyrmex penetrator , Petalomyrmex phylax , and Crematogaster margaritae ants as well as culture-independent techniques, as the case for P. longicornis ( Reyes and Cafaro, 2014 )."
PMC5651009,Paraponera clavata,interactsWith,Ophiocordyceps kniphofioides,True,True,3,"Similarly, in A. cajennensis and Hirsutella bioassays, 12 out of 23 isolates presented antifungal activity. Actinobacteria isolates with antifungal properties against entomopathogenic fungi. In gray, the number of isolates with antifungal properties are shown and in white the ones without activity. OEMC3 ( Metarhizium isolate against Actinobacteria obtained from Odontomachus ants), CdyAgAR ( H. citriformis isolate against Actinobacteria obtained from A. cajennensis ), CdyAvB ( H. citriformis against Actinobacteria isolated form P. occidentalis y P. plebeja wasps), AC2 ( Engyodontium sp. against Actinobacteria associated with A. cajennensis ), BAI ( Chlorocillium sp. challenged against P. clavata Actinobacteria isolates), PCFB ( O. kniphofioides against P. clavata Actinobacteria) y BA18 ( Ophiocordyceps sp. against P. clavata Actinobacteria)."
PMC5651009,Actinobacteria,interactsWith,Paratrechina,True,True,3,"The ant species sampled comprised, Tapinoma ramulorum (Dolichoderinae), Paratrechina caeciliae (Formicinae), and Pheidole fiorii (Myrmicinae), which build carton nests on the leaves of different plants, and Pheidole bicornis (Myrmicinae) that obligatorily lives in cavities of the petioles and stems shrubs from the genus Piper. Four different ant species in the genus Odontomachus (Ponerinae) which live under rocks or trunks, were also sampled. Finally, Paraponera clavata (Paraponerinae), an omnivorous large ant that constructs nests in the soil next to the base of trees and is a member of a recent paraphyletic ancestor group to the formicoid ants lineage was also studied ( Ward, 2014 ). In the case of eusocial wasps, Actinobacteria associations with colonies of Agelaia cajennensis , Polybia plebeja , Polybia occidentalis , and Metapolybia docilis were studied."
PMC5651009,Ophiocordyceps kniphofioides,pathogenOf,Cephalotes atratus,True,True,3,"All of the insect species examined (those from which entomopathogenic fungi were isolated) had more than three different associated Actinobacteria strains that were capable of producing zones of inhibition in co-culture in vitro bioassays ( Figure 9 ). Cordyceps fungi are characterized by being host specialized parasites. For example, the zombie ant fungus Ophiocordyceps unilateralis is an antagonist of ants in the tribe Camponotini (Formicinae, Formicidae), with less common infections reported on Polyrhachis ants ( Pontoppidan et al., 2009 ; Andersen et al., 2012 ). Similarly, Ophiocordyceps kniphofioides infects Cephalotes atratus (Formicidae: Myrmicinae), Paraponera clavata , and Dinoponera longipes (Formicidae: Ponerinae) ants ( Evans and Samson, 1982 ;"
PMC5651009,Streptomyces,interactsWith,Petalomyrmex,True,True,3,"Likewise, in a different study, Promnuan et al. (2009) reported the isolation of Actinobacteria from brood cells of Trigona bee hives. Consequently, we obtained 12 actinomycete isolates from the internal colony components of a related stingless bee, T. angustula. Streptomyces was the predominant genus of culturable Actinobacteria associated with insect colonies in the present study. These results are consistent with similar studies employing culture-dependent isolation approaches in Apis and Trigona bees ( Promnuan et al., 2009 ), Dendroctonus beetles ( Hulcr et al., 2011 ), Polistes dominulus wasps ( Madden et al., 2013 ) and Pseudomyrmex penetrator , Petalomyrmex phylax , and Crematogaster margaritae ants as well as culture-independent techniques, as the case for P. longicornis ( Reyes and Cafaro, 2014 )."
PMC5651009,Streptomyces,interactsWith,Petalomyrmex phylax,True,True,3,"Likewise, in a different study, Promnuan et al. (2009) reported the isolation of Actinobacteria from brood cells of Trigona bee hives. Consequently, we obtained 12 actinomycete isolates from the internal colony components of a related stingless bee, T. angustula. Streptomyces was the predominant genus of culturable Actinobacteria associated with insect colonies in the present study. These results are consistent with similar studies employing culture-dependent isolation approaches in Apis and Trigona bees ( Promnuan et al., 2009 ), Dendroctonus beetles ( Hulcr et al., 2011 ), Polistes dominulus wasps ( Madden et al., 2013 ) and Pseudomyrmex penetrator , Petalomyrmex phylax , and Crematogaster margaritae ants as well as culture-independent techniques, as the case for P. longicornis ( Reyes and Cafaro, 2014 )."
PMC5651009,Paraponera,interactsWith,Ophiocordyceps,True,True,3,"All of the insect species examined (those from which entomopathogenic fungi were isolated) had more than three different associated Actinobacteria strains that were capable of producing zones of inhibition in co-culture in vitro bioassays ( Figure 9 ). Cordyceps fungi are characterized by being host specialized parasites. For example, the zombie ant fungus Ophiocordyceps unilateralis is an antagonist of ants in the tribe Camponotini (Formicinae, Formicidae), with less common infections reported on Polyrhachis ants ( Pontoppidan et al., 2009 ; Andersen et al., 2012 ). Similarly, Ophiocordyceps kniphofioides infects Cephalotes atratus (Formicidae: Myrmicinae), Paraponera clavata , and Dinoponera longipes (Formicidae: Ponerinae) ants ( Evans and Samson, 1982 ;"
PMC5651009,Formicidae,interactsWith,Ophiocordycipitaceae,True,True,3,"Different strains of Ophiocordyceps ( Hirsutella ) fungi were isolated and blastospores were obtained in high concentrations to screen for Actinobacteria antifungal activity in vitro . All of the insect species examined (those from which entomopathogenic fungi were isolated) had more than three different associated Actinobacteria strains that were capable of producing zones of inhibition in co-culture in vitro bioassays ( Figure 9 ). Cordyceps fungi are characterized by being host specialized parasites. For example, the zombie ant fungus Ophiocordyceps unilateralis is an antagonist of ants in the tribe Camponotini (Formicinae, Formicidae), with less common infections reported on Polyrhachis ants ( Pontoppidan et al., 2009 ; Andersen et al., 2012 )."
PMC5651009,Paraponera clavata,interactsWith,Ophiocordyceps,True,True,3,"Similarly, in A. cajennensis and Hirsutella bioassays, 12 out of 23 isolates presented antifungal activity. Actinobacteria isolates with antifungal properties against entomopathogenic fungi. In gray, the number of isolates with antifungal properties are shown and in white the ones without activity. OEMC3 ( Metarhizium isolate against Actinobacteria obtained from Odontomachus ants), CdyAgAR ( H. citriformis isolate against Actinobacteria obtained from A. cajennensis ), CdyAvB ( H. citriformis against Actinobacteria isolated form P. occidentalis y P. plebeja wasps), AC2 ( Engyodontium sp. against Actinobacteria associated with A. cajennensis ), BAI ( Chlorocillium sp. challenged against P. clavata Actinobacteria isolates), PCFB ( O. kniphofioides against P. clavata Actinobacteria) y BA18 ( Ophiocordyceps sp. against P. clavata Actinobacteria)."
PMC5651009,Actinobacteria,interactsWith,Tapinoma ramulorum,True,True,3,"The ant species sampled comprised, Tapinoma ramulorum (Dolichoderinae), Paratrechina caeciliae (Formicinae), and Pheidole fiorii (Myrmicinae), which build carton nests on the leaves of different plants, and Pheidole bicornis (Myrmicinae) that obligatorily lives in cavities of the petioles and stems shrubs from the genus Piper. Four different ant species in the genus Odontomachus (Ponerinae) which live under rocks or trunks, were also sampled. Finally, Paraponera clavata (Paraponerinae), an omnivorous large ant that constructs nests in the soil next to the base of trees and is a member of a recent paraphyletic ancestor group to the formicoid ants lineage was also studied ( Ward, 2014 ). In the case of eusocial wasps, Actinobacteria associations with colonies of Agelaia cajennensis , Polybia plebeja , Polybia occidentalis , and Metapolybia docilis were studied."
PMC6002356,Ophiocordyceps kniphofioides,pathogenOf,Paraponera clavata,True,True,3,"Species proposed in this study are highlighted. Ant figures correspond to the ant genera infected by each clade within hirsutelloid Ophiocordyceps . At the top right a round phylogeny showing the whole analyses with the entire dataset used in this study, which included Cordycipitaceae, Clavicipitaceae and Ophiocordycipitaceae species, with Ophiocordyceps highlighted. (ant images from www.AntWeb.org and the photographers: Oecophylla , Camponotus , Dolichoderus , Cephalotes , Paraponera and Daceton : April Nobile, Polyrhachis : Will Ericson."
PMC6002356,Ophiocordyceps kniphofioides,pathogenOf,Dolichoderus bispinosus,True,True,3,"Species proposed in this study are highlighted. Ant figures correspond to the ant genera infected by each clade within hirsutelloid Ophiocordyceps . At the top right a round phylogeny showing the whole analyses with the entire dataset used in this study, which included Cordycipitaceae, Clavicipitaceae and Ophiocordycipitaceae species, with Ophiocordyceps highlighted. (ant images from www.AntWeb.org and the photographers: Oecophylla , Camponotus , Dolichoderus , Cephalotes , Paraponera and Daceton : April Nobile, Polyrhachis : Will Ericson."
PMC6002356,Hirsutella,pathogenOf,Cephalotes,True,True,3,"This species, besides its characteristic Kniphofia -like (red-hot poker) sexual morph, is known to form four types of asexual morphs. One of these – Hirsutella stilbelliformis var. stilbelliformis – plays a remarkable role of transmission even after the host removal. Evans & Samson (1982) described a behaviour in which apparently non-infected Cephalotes atratus – not displaying symptoms of fungal infection – actively attempted to remove infected cadavers from the lower trunk of the so-called cemetery or graveyard tree, forming a necropolis of ant corpses just above the tree base ( Fig. 21 )."
PMC6002356,Ophiocordyceps camponoti-indiani,pathogenOf,Camponotus,True,True,3,8 . Fig.  7 Ophiocordyceps camponoti–nidulantis (sexual morph). A. Camponotus nidulans infected and biting into a leaf (with fly larvae on the stroma).
PMC6002356,Ophiocordyceps,pathogenOf,Daceton,True,True,3,"Species proposed in this study are highlighted. Ant figures correspond to the ant genera infected by each clade within hirsutelloid Ophiocordyceps . At the top right a round phylogeny showing the whole analyses with the entire dataset used in this study, which included Cordycipitaceae, Clavicipitaceae and Ophiocordycipitaceae species, with Ophiocordyceps highlighted. (ant images from www.AntWeb.org and the photographers: Oecophylla , Camponotus , Dolichoderus , Cephalotes , Paraponera and Daceton : April Nobile, Polyrhachis : Will Ericson."
PMC6002356,Hirsutella stilbelliformis,pathogenOf,Cephalotes atratus,True,True,3,"This species, besides its characteristic Kniphofia -like (red-hot poker) sexual morph, is known to form four types of asexual morphs. One of these – Hirsutella stilbelliformis var. stilbelliformis – plays a remarkable role of transmission even after the host removal. Evans & Samson (1982) described a behaviour in which apparently non-infected Cephalotes atratus – not displaying symptoms of fungal infection – actively attempted to remove infected cadavers from the lower trunk of the so-called cemetery or graveyard tree, forming a necropolis of ant corpses just above the tree base ( Fig. 21 )."
PMC6002356,Ophiocordyceps kniphofioides,pathogenOf,Daceton armigerum,True,True,3,"Species proposed in this study are highlighted. Ant figures correspond to the ant genera infected by each clade within hirsutelloid Ophiocordyceps . At the top right a round phylogeny showing the whole analyses with the entire dataset used in this study, which included Cordycipitaceae, Clavicipitaceae and Ophiocordycipitaceae species, with Ophiocordyceps highlighted. (ant images from www.AntWeb.org and the photographers: Oecophylla , Camponotus , Dolichoderus , Cephalotes , Paraponera and Daceton : April Nobile, Polyrhachis : Will Ericson."
PMC6055595,Burkholderiaceae,interactsWith,Tetraponera,True,True,3,"At lower taxonomic levels, the virtual restriction captured the families Tremellales incertae sedis, and Venturiaceae, both of which were the most abundant fungal families captured by the Illumina sequencing. The bacterial and fungal taxa captured by our analysis are abundant in soil environments ( Acosta-Martínez et al., 2008 ; Buée et al., 2009 ; Anderson et al., 2011 ; Voglmayr et al., 2011 ; Lanzén et al., 2015 ; DeAngelis et al., 2015 ). Furthermore, the bacterial genera belonging to Burkholderiaceae have also been shown to be associated with ant genera such as, Camponotus ( He et al., 2011 ), Cephalotes ( Russell et al., 2009 ; Kautz et al., 2013 ), and Tetraponera ( Van Borm et al., 2002 )."
PMC6055595,Burkholderiaceae,interactsWith,Cephalotes,True,True,3,"At lower taxonomic levels, the virtual restriction captured the families Tremellales incertae sedis, and Venturiaceae, both of which were the most abundant fungal families captured by the Illumina sequencing. The bacterial and fungal taxa captured by our analysis are abundant in soil environments ( Acosta-Martínez et al., 2008 ; Buée et al., 2009 ; Anderson et al., 2011 ; Voglmayr et al., 2011 ; Lanzén et al., 2015 ; DeAngelis et al., 2015 ). Furthermore, the bacterial genera belonging to Burkholderiaceae have also been shown to be associated with ant genera such as, Camponotus ( He et al., 2011 ), Cephalotes ( Russell et al., 2009 ; Kautz et al., 2013 ), and Tetraponera ( Van Borm et al., 2002 )."
PMC6876665,Laboulbenia,parasiteOf,Lasius,True,True,3,"Cornet et al. (2007) showed that the use of the prophenoloxidase system strongly positively correlated with carotenoid concentration in hemolymph of the crustacean Gammarus pulex (Linnaeus) (Crustacea: Amphipoda). The causality of this relationship was confirmed because dietary supplementation with carotenoids enhanced phenoloxidase activity without inducing additional self-harming in the crustacean ( Babin et al. 2010 ). Moreover, a recent study demonstrated that redder and darker clypeal membranes in Nicrophorus pustulatus Herschel (Coleoptera: Silphidae) beetles are associated with an increased induced immune response ( Wormington and Luttbeg 2018 ). Regarding Laboulbeniales in relation to host immunity, association between the invasive ant Lasius neglectus Van Loon, Boomsma & Andrásfalvy (Hymenoptera: Formicidae) and its ectoparasite Laboulbenia formicarum Thaxter (Ascomycota: Laboulbeniales) was studied by Konrad et al. (2015) ."
PMC6876665,Laboulbenia,parasiteOf,Lasius neglectus,True,True,3,"Cornet et al. (2007) showed that the use of the prophenoloxidase system strongly positively correlated with carotenoid concentration in hemolymph of the crustacean Gammarus pulex (Linnaeus) (Crustacea: Amphipoda). The causality of this relationship was confirmed because dietary supplementation with carotenoids enhanced phenoloxidase activity without inducing additional self-harming in the crustacean ( Babin et al. 2010 ). Moreover, a recent study demonstrated that redder and darker clypeal membranes in Nicrophorus pustulatus Herschel (Coleoptera: Silphidae) beetles are associated with an increased induced immune response ( Wormington and Luttbeg 2018 ). Regarding Laboulbeniales in relation to host immunity, association between the invasive ant Lasius neglectus Van Loon, Boomsma & Andrásfalvy (Hymenoptera: Formicidae) and its ectoparasite Laboulbenia formicarum Thaxter (Ascomycota: Laboulbeniales) was studied by Konrad et al. (2015) ."
PMC6876665,Laboulbeniaceae,parasiteOf,Formicidae,True,True,3,"Cornet et al. (2007) showed that the use of the prophenoloxidase system strongly positively correlated with carotenoid concentration in hemolymph of the crustacean Gammarus pulex (Linnaeus) (Crustacea: Amphipoda). The causality of this relationship was confirmed because dietary supplementation with carotenoids enhanced phenoloxidase activity without inducing additional self-harming in the crustacean ( Babin et al. 2010 ). Moreover, a recent study demonstrated that redder and darker clypeal membranes in Nicrophorus pustulatus Herschel (Coleoptera: Silphidae) beetles are associated with an increased induced immune response ( Wormington and Luttbeg 2018 ). Regarding Laboulbeniales in relation to host immunity, association between the invasive ant Lasius neglectus Van Loon, Boomsma & Andrásfalvy (Hymenoptera: Formicidae) and its ectoparasite Laboulbenia formicarum Thaxter (Ascomycota: Laboulbeniales) was studied by Konrad et al. (2015) ."
PMC7156370,Ophiocordycipitaceae,pathogenOf,Formicidae,True,True,3,"Specificity in parasite–host interactions can be influenced by host genotypes that are resistant to only a subset of parasite genotypes and parasite genotypes that are infective on a subset of host genotypes. Parasite–host interaction specificity is driven by the diversity or temporal variability of the host’s population and by genetic trade-offs in adaptation to different hosts. Thus, co-evolutionary consequence critically depends on the pervasiveness of genetic interactions. Ophiocordyceps unilateralis (Clavicipitaceae: Hypocreales), also referred to as a “zombie fungus,” is a fungal pathogen considered specific to ants of the tribe Camponotini (Formicinae: Formicidae)."
PMC7156370,Ophiocordyceps unilateralis,pathogenOf,Polyrhachis,True,True,3,"unilateralis sensu lato , which suggests that there are several cryptic species within O . unilateralis , which are yet to be described 9 . Studies have reported that O . unilateralis in the southern Thailand mainly parasitize carpenter ants, especially Camponotus leonardi , as principal hosts with minor supplementary infections found in some Polyrhachis ants 3 , 10 ."
PMC7156370,Ophiocordyceps unilateralis,pathogenOf,Formicidae,True,True,3,"Specificity in parasite–host interactions can be influenced by host genotypes that are resistant to only a subset of parasite genotypes and parasite genotypes that are infective on a subset of host genotypes. Parasite–host interaction specificity is driven by the diversity or temporal variability of the host’s population and by genetic trade-offs in adaptation to different hosts. Thus, co-evolutionary consequence critically depends on the pervasiveness of genetic interactions. Ophiocordyceps unilateralis (Clavicipitaceae: Hypocreales), also referred to as a “zombie fungus,” is a fungal pathogen considered specific to ants of the tribe Camponotini (Formicinae: Formicidae)."
PMC7156370,Ophiocordyceps unilateralis,pathogenOf,Camponotus,True,True,3,"unilateralis sensu lato , which suggests that there are several cryptic species within O . unilateralis , which are yet to be described 9 . Studies have reported that O . unilateralis in the southern Thailand mainly parasitize carpenter ants, especially Camponotus leonardi , as principal hosts with minor supplementary infections found in some Polyrhachis ants 3 , 10 ."
PMC7156370,Ophiocordyceps unilateralis,pathogenOf,Polyrhachis debilis,True,True,3,"unilateralis sensu lato , which suggests that there are several cryptic species within O . unilateralis , which are yet to be described 9 . Studies have reported that O . unilateralis in the southern Thailand mainly parasitize carpenter ants, especially Camponotus leonardi , as principal hosts with minor supplementary infections found in some Polyrhachis ants 3 , 10 ."
PMC7156370,Ophiocordyceps unilateralis,pathogenOf,Polyrhachis illaudata,True,True,3,"unilateralis sensu lato , which suggests that there are several cryptic species within O . unilateralis , which are yet to be described 9 . Studies have reported that O . unilateralis in the southern Thailand mainly parasitize carpenter ants, especially Camponotus leonardi , as principal hosts with minor supplementary infections found in some Polyrhachis ants 3 , 10 ."
PMC7156370,Ophiocordyceps pseudolloydii,pathogenOf,Dolichoderus thoracicus,True,True,3,"However, our experimental data do not support this hypothesis. We found that the fungal hyphae invaded into the dead body of the ant and expanded onto the surface of the leaf without invading the mesophyll of the leaf. In our previous study, we reported that another parasitic Ophiocordyceps species, O . pseudolloydii , could naturally infect Dolichoderus thoracicus ant hosts 69 ."
PMC7156370,Ophiocordyceps,pathogenOf,Polyrhachis,True,True,3,"However, the histological cross sections indicated that the fungus does not actually invade the leaf tissue (Fig. 2E ); the fungus only attaches to the plants. Therefore, we put forth that the energy for fungal growth might be generated from the infected ants. Figure 1 In situ photographs showing the infection of Ophiocordyceps unilateralis sensu lato on eight different sympatric ant species: Polyrhachis mesota ( A ), Polyrhachis wolfi ( B ), Polyrhachis vigilans ( C ), Polyrhachis latona ( D ), Polyrhachis illaudata ( E ), Polyrhachis debilis ( F ), Polyrhachis dives ( G ), and Camponotus punctatissimus ( H )."
PMC7156370,Ophiocordyceps,pathogenOf,Dolichoderus,True,True,3,"However, our experimental data do not support this hypothesis. We found that the fungal hyphae invaded into the dead body of the ant and expanded onto the surface of the leaf without invading the mesophyll of the leaf. In our previous study, we reported that another parasitic Ophiocordyceps species, O . pseudolloydii , could naturally infect Dolichoderus thoracicus ant hosts 69 ."
PMC7156370,Ophiocordyceps,pathogenOf,Camponotus,True,True,3,"However, the histological cross sections indicated that the fungus does not actually invade the leaf tissue (Fig. 2E ); the fungus only attaches to the plants. Therefore, we put forth that the energy for fungal growth might be generated from the infected ants. Figure 1 In situ photographs showing the infection of Ophiocordyceps unilateralis sensu lato on eight different sympatric ant species: Polyrhachis mesota ( A ), Polyrhachis wolfi ( B ), Polyrhachis vigilans ( C ), Polyrhachis latona ( D ), Polyrhachis illaudata ( E ), Polyrhachis debilis ( F ), Polyrhachis dives ( G ), and Camponotus punctatissimus ( H )."
PMC7156370,Ophiocordyceps unilateralis,pathogenOf,Polyrhachis dives,True,True,3,"unilateralis sensu lato , which suggests that there are several cryptic species within O . unilateralis , which are yet to be described 9 . Studies have reported that O . unilateralis in the southern Thailand mainly parasitize carpenter ants, especially Camponotus leonardi , as principal hosts with minor supplementary infections found in some Polyrhachis ants 3 , 10 ."
PMC7156370,Ophiocordyceps unilateralis,pathogenOf,Polyrhachis wolfi,True,True,3,"unilateralis sensu lato , which suggests that there are several cryptic species within O . unilateralis , which are yet to be described 9 . Studies have reported that O . unilateralis in the southern Thailand mainly parasitize carpenter ants, especially Camponotus leonardi , as principal hosts with minor supplementary infections found in some Polyrhachis ants 3 , 10 ."
PMC7156370,Ophiocordyceps unilateralis,pathogenOf,Polyrhachis vigilans,True,True,3,"unilateralis sensu lato , which suggests that there are several cryptic species within O . unilateralis , which are yet to be described 9 . Studies have reported that O . unilateralis in the southern Thailand mainly parasitize carpenter ants, especially Camponotus leonardi , as principal hosts with minor supplementary infections found in some Polyrhachis ants 3 , 10 ."
PMC7156370,Ophiocordyceps unilateralis,parasiteOf,Polyrhachis,True,True,3,"unilateralis sensu lato , which suggests that there are several cryptic species within O . unilateralis , which are yet to be described 9 . Studies have reported that O . unilateralis in the southern Thailand mainly parasitize carpenter ants, especially Camponotus leonardi , as principal hosts with minor supplementary infections found in some Polyrhachis ants 3 , 10 ."
PMC7156370,Ophiocordyceps,parasiteOf,Polyrhachis,True,True,3,"Subsequent papers dealing with new taxa and issues from Thailand, Japan, and Brazilian Amazon on both Camponotus and Polyrhachis hosts have provided evidence to support for the “one ant, one Ophiocordyceps species” hypothesis as raised by Evans et al . 11 – 15 . Thus, O . unilateralis may have specificity toward different ant species, species delimitation, and host–parasite interaction leading to speciation."
PMC7156370,Ophiocordycipitaceae,parasiteOf,Formicidae,True,True,3,"Specificity in parasite–host interactions can be influenced by host genotypes that are resistant to only a subset of parasite genotypes and parasite genotypes that are infective on a subset of host genotypes. Parasite–host interaction specificity is driven by the diversity or temporal variability of the host’s population and by genetic trade-offs in adaptation to different hosts. Thus, co-evolutionary consequence critically depends on the pervasiveness of genetic interactions. Ophiocordyceps unilateralis (Clavicipitaceae: Hypocreales), also referred to as a “zombie fungus,” is a fungal pathogen considered specific to ants of the tribe Camponotini (Formicinae: Formicidae)."
PMC7341126,Ophiocordyceps kimflemingiae,interactsWith,Camponotus castaneus,True,True,3,"RNAseq data, WGCNA modules, and enrichment analyses can be found in supplemental files File S1 (ant data) and File S2 (fungus data). Additional results and discussions are presented in File S3. Supplemental material available at figshare: https://doi.org/10.25387/g3.12121659 .  RESULTS & DISCUSSION  We set out to identify parasite and host genes involved in manipulated biting and clinging behavior observed in Ophiocordyceps -infected Camponotus ants. To this end, we infected C. floridanus with O. camponoti-floridani to compare gene expression levels in this host-parasite interaction with those published for C. castaneus and O. kimflemingiae ( de Bekker et al. 2015 )."
PMC7341126,Ophiocordyceps kimflemingiae,pathogenOf,Camponotus castaneus,True,True,3,"RNAseq data, WGCNA modules, and enrichment analyses can be found in supplemental files File S1 (ant data) and File S2 (fungus data). Additional results and discussions are presented in File S3. Supplemental material available at figshare: https://doi.org/10.25387/g3.12121659 .  RESULTS & DISCUSSION  We set out to identify parasite and host genes involved in manipulated biting and clinging behavior observed in Ophiocordyceps -infected Camponotus ants. To this end, we infected C. floridanus with O. camponoti-floridani to compare gene expression levels in this host-parasite interaction with those published for C. castaneus and O. kimflemingiae ( de Bekker et al. 2015 )."
PMC7341126,Ophiocordyceps,pathogenOf,Camponotus floridanus,True,True,3,"RNAseq data, WGCNA modules, and enrichment analyses can be found in supplemental files File S1 (ant data) and File S2 (fungus data). Additional results and discussions are presented in File S3. Supplemental material available at figshare: https://doi.org/10.25387/g3.12121659 .  RESULTS & DISCUSSION  We set out to identify parasite and host genes involved in manipulated biting and clinging behavior observed in Ophiocordyceps -infected Camponotus ants. To this end, we infected C. floridanus with O. camponoti-floridani to compare gene expression levels in this host-parasite interaction with those published for C. castaneus and O. kimflemingiae ( de Bekker et al. 2015 )."
PMC7341126,Ophiocordyceps,interactsWith,Camponotus,True,True,3,"RNAseq data, WGCNA modules, and enrichment analyses can be found in supplemental files File S1 (ant data) and File S2 (fungus data). Additional results and discussions are presented in File S3. Supplemental material available at figshare: https://doi.org/10.25387/g3.12121659 .  RESULTS & DISCUSSION  We set out to identify parasite and host genes involved in manipulated biting and clinging behavior observed in Ophiocordyceps -infected Camponotus ants. To this end, we infected C. floridanus with O. camponoti-floridani to compare gene expression levels in this host-parasite interaction with those published for C. castaneus and O. kimflemingiae ( de Bekker et al. 2015 )."
PMC7341126,Ophiocordyceps camponoti-floridani,pathogenOf,Camponotus floridanus,True,True,3,"Strain EC05, used for the de novo genome assembly, was collected from Little Big Econ State Forest in Seminole County, Florida. Strain Arb2 was collected at the University of Central Florida arboretum in Orange County, Florida and used for laboratory infections and RNAseq data. These samples were obtained by permission from the University of Central Florida and the Florida Department of Agriculture and Consumer Services. Both strains were isolated by surface sterilizing infected Camponotus floridanus cadavers in 70% ethanol for 10 sec and aseptically removing ant cuticle with 25 G needles (PrecisionGlide, BD) to extract O. camponoti-floridani mycelium."
PMC7341126,Ophiocordyceps,pathogenOf,Camponotus castaneus,True,True,3,"RNAseq data, WGCNA modules, and enrichment analyses can be found in supplemental files File S1 (ant data) and File S2 (fungus data). Additional results and discussions are presented in File S3. Supplemental material available at figshare: https://doi.org/10.25387/g3.12121659 .  RESULTS & DISCUSSION  We set out to identify parasite and host genes involved in manipulated biting and clinging behavior observed in Ophiocordyceps -infected Camponotus ants. To this end, we infected C. floridanus with O. camponoti-floridani to compare gene expression levels in this host-parasite interaction with those published for C. castaneus and O. kimflemingiae ( de Bekker et al. 2015 )."
PMC7497042,Wolbachia,pathogenOf,Temnothorax,True,True,3,"A second limitation of mtDNA exists in arthropods where maternally inherited intracellular bacteria are frequent. Among those bacteria, Wolbachia is particularly widespread and could distort the mitochondrial genealogy when a particular strain spreads within the host species, hitchhiking its linked mitochondrial haplotype (Cariou, Duret, & Charlat, 2017 ). Wolbachia infection is frequent among ants and could therefore be responsible of some mitonuclear discordance (Wenseleers et al., 1998 ). We indeed discovered such an instance with a Wolbachia CO1 sequence identified in Temnothorax sp. mmp11 (SRR5809551), which was confirmed by several assembled contigs matching to Wolbachia strain genomes in this sample."
PMC7497042,Wolbachia pipientis,pathogenOf,Temnothorax,True,True,3,"A second limitation of mtDNA exists in arthropods where maternally inherited intracellular bacteria are frequent. Among those bacteria, Wolbachia is particularly widespread and could distort the mitochondrial genealogy when a particular strain spreads within the host species, hitchhiking its linked mitochondrial haplotype (Cariou, Duret, & Charlat, 2017 ). Wolbachia infection is frequent among ants and could therefore be responsible of some mitonuclear discordance (Wenseleers et al., 1998 ). We indeed discovered such an instance with a Wolbachia CO1 sequence identified in Temnothorax sp. mmp11 (SRR5809551), which was confirmed by several assembled contigs matching to Wolbachia strain genomes in this sample."
PMC7648450,Laboulbenia,pathogenOf,Lasius neglectus,True,True,3,"virescens -negative Ha. axyridis , this effect was not visible in the dual infection treatment. The infection with Laboulbeniales probably decreased the susceptibility of Ha. axyridis to infection by M. brunneum , similar to the findings of Konrad et al. (2015) . These authors found that Laboulbenia -infected Lasius neglectus ants (Hymenoptera, Formicidae) showed a decreased susceptibility to M. brunneum ."
PMC7648450,Laboulbenia,pathogenOf,Lasius,True,True,3,"virescens -negative Ha. axyridis , this effect was not visible in the dual infection treatment. The infection with Laboulbeniales probably decreased the susceptibility of Ha. axyridis to infection by M. brunneum , similar to the findings of Konrad et al. (2015) . These authors found that Laboulbenia -infected Lasius neglectus ants (Hymenoptera, Formicidae) showed a decreased susceptibility to M. brunneum ."
PMC7648450,Laboulbeniaceae,pathogenOf,Formicidae,True,True,3,"virescens -negative Ha. axyridis , this effect was not visible in the dual infection treatment. The infection with Laboulbeniales probably decreased the susceptibility of Ha. axyridis to infection by M. brunneum , similar to the findings of Konrad et al. (2015) . These authors found that Laboulbenia -infected Lasius neglectus ants (Hymenoptera, Formicidae) showed a decreased susceptibility to M. brunneum ."
PMC8207340,Hypocreaceae,pathogenOf,Formicidae,True,True,3,"This is in part because of the experimental tractability of the ants, the ants’ cultivated fungi, their common fungal parasites ( Escovopsis spp.), and other associated microbes (Currie et al., 1999 ; Currie et al., 1999 ; Sen et al., 2009 ). Previous work on Escovopsis infections in other sympatric, closely related attine species [i.e., Cyphomyrmex costatus , C . muelleri, and C . longiscapus (Birnbaum & Gerardo, 2016 ; Gerardo et al., 2004 ); Atta spp."
PMC8207340,Escovopsis,pathogenOf,Apterostigma,True,True,3,"Proportion of colonies infected with four morphotypes of Escovopsis isolated from A . dentigerum and A . pilosum colonies using small portions of fungal cultivar mass (methodology M1, solid bars) or using whole fungal cultivar mass (methodology M2, striped bars) All four morphotypes of Escovopsis grew well on PDA, but they showed significant differences in growth after 20 days ( F 4,10 = 37.46, p <.0001). In vitro, brown Escovopsis morphotypes from Apterostigma (B1, B2, B3) grew significantly more than the Y morphotype Escovopsis in the same time period but did not differ in growth rate from one another; the TB morphotype grew significantly more than all four of the morphotypes from Apterostigma colonies (Figure 3 )."
PMC8207340,Escovopsis,parasiteOf,Apterostigma,True,True,3,"dentigerum and A . pilosum colonies using small portions of fungal cultivar mass (methodology M1, solid bars) or using whole fungal cultivar mass (methodology M2, striped bars) All four morphotypes of Escovopsis grew well on PDA, but they showed significant differences in growth after 20 days ( F 4,10 = 37.46, p <.0001). In vitro, brown Escovopsis morphotypes from Apterostigma (B1, B2, B3) grew significantly more than the Y morphotype Escovopsis in the same time period but did not differ in growth rate from one another; the TB morphotype grew significantly more than all four of the morphotypes from Apterostigma colonies (Figure 3 ). Area of growth exhibited by five morphotypes of Escovopsis fungal parasite cultivated on PDA in the absence of cultivars after 20 days."
PMC8207340,Escovopsis,pathogenOf,Cyphomyrmex longiscapus,True,True,3,"Cocktails of antimicrobial chemicals may be used to treat pathogens in order to minimize the likelihood of the evolution of resistance (Raymond, 2019 ). The fungus‐growing ant system provides an excellent opportunity to explore the degree to which different pathogens attack sympatric hosts, and how the hosts respond. This is in part because of the experimental tractability of the ants, the ants’ cultivated fungi, their common fungal parasites ( Escovopsis spp.), and other associated microbes (Currie et al., 1999 ; Currie et al., 1999 ; Sen et al., 2009 ). Previous work on Escovopsis infections in other sympatric, closely related attine species [i.e., Cyphomyrmex costatus , C ."
PMC8238408,Escovopsis,interactsWith,Atta sexdens,True,True,3,"Mechanisms of interaction ( Reynolds and Currie, 2004 ; Folgarait et al., 2011 ; Marfetán et al., 2015 ; Varanda-Haifig et al., 2017 ), patterns of virulence ( Currie, 2001 ; Wallace et al., 2014 ; Marfetán et al., 2015 ), patterns of specificity ( Gerardo et al., 2004 , 2006b ; Taerum et al., 2007 ; Birnbaum and Gerardo, 2016 ), and detrimental impact of infection in ant colonies ( Currie, 2001 ) have been evaluated mainly through an Escovopsis -centered perspective. Here, considering the ant colony as a host (composed by the fungus garden and the ants), we evaluate host- Escovopsis interactions in the fungiculture of higher attines. Our first approach assessed in vitro interactions between Escovopsis and the symbiotic fungi cultivated by the higher attines Atta sexdens and Mycetomoellerius tucumanus ."
PMC8238408,Escovopsis,pathogenOf,Atta sexdens,True,True,3,"Mechanisms of interaction ( Reynolds and Currie, 2004 ; Folgarait et al., 2011 ; Marfetán et al., 2015 ; Varanda-Haifig et al., 2017 ), patterns of virulence ( Currie, 2001 ; Wallace et al., 2014 ; Marfetán et al., 2015 ), patterns of specificity ( Gerardo et al., 2004 , 2006b ; Taerum et al., 2007 ; Birnbaum and Gerardo, 2016 ), and detrimental impact of infection in ant colonies ( Currie, 2001 ) have been evaluated mainly through an Escovopsis -centered perspective. Here, considering the ant colony as a host (composed by the fungus garden and the ants), we evaluate host- Escovopsis interactions in the fungiculture of higher attines. Our first approach assessed in vitro interactions between Escovopsis and the symbiotic fungi cultivated by the higher attines Atta sexdens and Mycetomoellerius tucumanus ."
PMC8238408,Escovopsis,interactsWith,Atta,True,True,3,"Mechanisms of interaction ( Reynolds and Currie, 2004 ; Folgarait et al., 2011 ; Marfetán et al., 2015 ; Varanda-Haifig et al., 2017 ), patterns of virulence ( Currie, 2001 ; Wallace et al., 2014 ; Marfetán et al., 2015 ), patterns of specificity ( Gerardo et al., 2004 , 2006b ; Taerum et al., 2007 ; Birnbaum and Gerardo, 2016 ), and detrimental impact of infection in ant colonies ( Currie, 2001 ) have been evaluated mainly through an Escovopsis -centered perspective. Here, considering the ant colony as a host (composed by the fungus garden and the ants), we evaluate host- Escovopsis interactions in the fungiculture of higher attines. Our first approach assessed in vitro interactions between Escovopsis and the symbiotic fungi cultivated by the higher attines Atta sexdens and Mycetomoellerius tucumanus ."
PMC8238408,Escovopsis,pathogenOf,Mycetomoellerius,True,True,3,"Mechanisms of interaction ( Reynolds and Currie, 2004 ; Folgarait et al., 2011 ; Marfetán et al., 2015 ; Varanda-Haifig et al., 2017 ), patterns of virulence ( Currie, 2001 ; Wallace et al., 2014 ; Marfetán et al., 2015 ), patterns of specificity ( Gerardo et al., 2004 , 2006b ; Taerum et al., 2007 ; Birnbaum and Gerardo, 2016 ), and detrimental impact of infection in ant colonies ( Currie, 2001 ) have been evaluated mainly through an Escovopsis -centered perspective. Here, considering the ant colony as a host (composed by the fungus garden and the ants), we evaluate host- Escovopsis interactions in the fungiculture of higher attines. Our first approach assessed in vitro interactions between Escovopsis and the symbiotic fungi cultivated by the higher attines Atta sexdens and Mycetomoellerius tucumanus ."
PMC8383443,Hypocreaceae,kills,Formicidae,True,True,3,"Notwithstanding, taxonomic and phylogenetic incongruities like non-monophyly preclude the study of many fungal groups, as is the case for the genus Escovopsis ( Ascomycota : Hypocreales , Hypocreaceae ). Escovopsis is a diverse group of fungi, members of which are presumed to have evolved parasitizing the mutualistic fungus of fungus-growing ants ( Formicidae: Myrmicinae: Attini : Attina , the “attines”) (Yek et al. 2012 ). Besides, Escovopsis has only been found associated with fungus-growing ant colonies, suggesting that the genus has evolved in relation to these ants’ system, potentially for millions of years."
PMC8383443,Hypocreaceae,interactsWith,Formicidae,True,True,3,"Notwithstanding, taxonomic and phylogenetic incongruities like non-monophyly preclude the study of many fungal groups, as is the case for the genus Escovopsis ( Ascomycota : Hypocreales , Hypocreaceae ). Escovopsis is a diverse group of fungi, members of which are presumed to have evolved parasitizing the mutualistic fungus of fungus-growing ants ( Formicidae: Myrmicinae: Attini : Attina , the “attines”) (Yek et al. 2012 ). Besides, Escovopsis has only been found associated with fungus-growing ant colonies, suggesting that the genus has evolved in relation to these ants’ system, potentially for millions of years."
PMC8383443,Sympodiorosea,kills,Mycetophylax,True,True,3,"1 and Additional file 3 : Fig. S2), are still a mystery. Some authors suggested that Sympodiorosea spp. and L. trichodermoides are more likely to be associated with the colonies of lower attine ants than higher attine (e.g., leaf-cutting) ants (Gerardo et al. 2004 , 2006b ), but more evidence is necessary to confirm this hypothesis. Recent studies have shown that some strains of S. kreiselii behave as antagonists of the mutualistic fungus of Mycetophylax morschi being able to kill it under laboratory conditions (Custodio and Rodrigues 2019 )."
PMC8383443,Luteomyces trichodermoides,interactsWith,Mycocepurus goeldii,True,True,3,"and L. trichodermoides are more likely to be associated with the colonies of lower attine ants than higher attine (e.g., leaf-cutting) ants (Gerardo et al. 2004 , 2006b ), but more evidence is necessary to confirm this hypothesis. Recent studies have shown that some strains of S. kreiselii behave as antagonists of the mutualistic fungus of Mycetophylax morschi being able to kill it under laboratory conditions (Custodio and Rodrigues 2019 ). However, the mechanisms by which it manages to kill the cultivars are completely unknown. On the other hand, Bizarria et al. ( 2020 ) demonstrated that L. trichodermoides had little negative impact on the mutualistic fungus of Mycocepurus goeldii , being just able to inhibit the fungus cultivars in-vitro and unable to overcome defenses of the ant colonies."
PMC8383443,Sympodiorosea kreiselii,kills,Mycetophylax morschi,True,True,3,"1 and Additional file 3 : Fig. S2), are still a mystery. Some authors suggested that Sympodiorosea spp. and L. trichodermoides are more likely to be associated with the colonies of lower attine ants than higher attine (e.g., leaf-cutting) ants (Gerardo et al. 2004 , 2006b ), but more evidence is necessary to confirm this hypothesis. Recent studies have shown that some strains of S. kreiselii behave as antagonists of the mutualistic fungus of Mycetophylax morschi being able to kill it under laboratory conditions (Custodio and Rodrigues 2019 )."
PMC8383443,Escovopsis,interactsWith,Attini,True,True,3,"Notwithstanding, taxonomic and phylogenetic incongruities like non-monophyly preclude the study of many fungal groups, as is the case for the genus Escovopsis ( Ascomycota : Hypocreales , Hypocreaceae ). Escovopsis is a diverse group of fungi, members of which are presumed to have evolved parasitizing the mutualistic fungus of fungus-growing ants ( Formicidae: Myrmicinae: Attini : Attina , the “attines”) (Yek et al. 2012 ). Besides, Escovopsis has only been found associated with fungus-growing ant colonies, suggesting that the genus has evolved in relation to these ants’ system, potentially for millions of years."
PMC6002356,Ophiocordyceps,pathogenOf,Myrmica,True,False,3,"O. kimflemingiae exhibits type-C phialides during its early stages of development, but these gradually disappear as the stroma matures. Ophiocordyceps naomi-pierceae from Australia has a unique asexual morph within the O. unilateralis core clade, formed on the surface of synnemata arising from the dorsal pronotum and leg joints. The abundant, long phialides are polyphialidic, branching sympodially to produce up to 10 pointed necks ( Fig. 16 ). A similar paraisaria-like asexual morph is associated with the red ant ( Myrmica rubra ) in the UK, which was found to lie within the Ophiocordyceps , close to O. gracilis from which the genus Paraisaria was erected ( Samson & Brady 1983 ), but far from O. unilateralis core clade ( Evans et al. 2010 )."
PMC6002356,Ophiocordyceps,pathogenOf,Myrmica rubra,True,False,3,"O. kimflemingiae exhibits type-C phialides during its early stages of development, but these gradually disappear as the stroma matures. Ophiocordyceps naomi-pierceae from Australia has a unique asexual morph within the O. unilateralis core clade, formed on the surface of synnemata arising from the dorsal pronotum and leg joints. The abundant, long phialides are polyphialidic, branching sympodially to produce up to 10 pointed necks ( Fig. 16 ). A similar paraisaria-like asexual morph is associated with the red ant ( Myrmica rubra ) in the UK, which was found to lie within the Ophiocordyceps , close to O. gracilis from which the genus Paraisaria was erected ( Samson & Brady 1983 ), but far from O. unilateralis core clade ( Evans et al. 2010 )."
PMC7156370,Ophiocordyceps unilateralis,pathogenOf,Colobopsis saundersi,True,False,3,"14 indicated that the O . unilateralis complex was found to occur predominantly on three ant species, namely C . leonardi , C . saundersi , and P ."
PMC7156370,Ophiocordyceps unilateralis,parasiteOf,Colobopsis leonardi,True,False,3,"Kobmoo et al . 14 indicated that the O . unilateralis complex was found to occur predominantly on three ant species, namely C . leonardi , C ."
PMC7156370,Ophiocordyceps unilateralis,pathogenOf,Colobopsis leonardi,True,False,3,"Kobmoo et al . 14 indicated that the O . unilateralis complex was found to occur predominantly on three ant species, namely C . leonardi , C ."
PMC7274273,Ophiocordyceps,pathogenOf,Atta,True,False,3,"2012 , Kobmoo et al . 2015 ), one from Japan ( Kepler et al . 2010 ), three from the Brazilian Amazon ( Araújo et al . 2015 ) and another 14 in the pipeline ( Araújo et al . 2018 ). Significantly, however, only Kobayasi (1941) appears to have examined the type specimen – named as Torrubia unilateralis on the Brazilian ant Atta cephalotes ( Tulasne & Tulasne 1865 ) – and he noted that it “is now preserved in [the] Paris Entomological Museum [and] is immature”. Unfortunately, repeated attempts to obtain the type for examination of the fungus and identification of the ant host were unsuccessful and it was concluded that the specimen was lost, leading to speculation that this may have gone missing during the Second World War ( Evans et al . 2011a ). From the latter study, and the confirmation that O. unilateralis represents a species complex, it became necessary to designate a new type, especially since Ophiocordyceps is the type genus of the recently-recognised family Ophiocordycipitaceae which is based on the placement of O. unilateralis within a Bayesian consensus tree ( Sung et al . 2007 )."
PMC7274273,Ophiocordyceps unilateralis,pathogenOf,Atta cephalotes,True,False,3,"This hypothesis would appear to be holding true based on subsequent publications involving both morphological and molecular evidence, with six new species being described from Thailand ( Luangsaard et al . 2011 , Kobmoo et al . 2012 , Kobmoo et al . 2015 ), one from Japan ( Kepler et al . 2010 ), three from the Brazilian Amazon ( Araújo et al . 2015 ) and another 14 in the pipeline ( Araújo et al . 2018 ). Significantly, however, only Kobayasi (1941) appears to have examined the type specimen – named as Torrubia unilateralis on the Brazilian ant Atta cephalotes ( Tulasne & Tulasne 1865 ) – and he noted that it “is now preserved in [the] Paris Entomological Museum [and] is immature”."
PMC8151820,Cladosporiaceae,hasVector,Formicidae,True,False,3,"Rodrigues et al. [ 81 , 82 ] previously reported the presence of this genus on ants. Pagnocca et al. [ 83 ] also found the predominance of Cladosporium strains from Atta gynes, pointing out that these insects could act on its dispersion, but no interactions were shown between this genus and the symbiont fungus cultivated by the ants."
PMC8151820,Cochliobolus geniculatus,pathogenOf,Atta laevigata,True,False,3,"The absence of morphological characteristics (sterile colonies) and the low resolution of the DNA sequences hampered the genus/species-level identification. Six strains were identified as Westerdykella (Sporormiaceae) , including W. capitulum (4) and W. dispersa (2). The genus includes ubiquitous species occurring in manure as endophytes or in soil as saprophytes [ 70 ]. Cochliobolus kusanoi (1) and C. geniculatus (2) were isolated from water samples and the bodies of an A. capiguara drone and an A. laevigata gyne, respectively."
PMC8151820,Cladosporium,hasVector,Formicidae,True,False,3,"Rodrigues et al. [ 81 , 82 ] previously reported the presence of this genus on ants. Pagnocca et al. [ 83 ] also found the predominance of Cladosporium strains from Atta gynes, pointing out that these insects could act on its dispersion, but no interactions were shown between this genus and the symbiont fungus cultivated by the ants."
PMC8151820,Bipolaris,pathogenOf,Atta capiguara,True,False,3,"The genus includes ubiquitous species occurring in manure as endophytes or in soil as saprophytes [ 70 ]. Cochliobolus kusanoi (1) and C. geniculatus (2) were isolated from water samples and the bodies of an A. capiguara drone and an A. laevigata gyne, respectively. Two Curvularia strains, namely C. platzii and C. geniculata , were also obtained from the water samples. The presence of Cochliobolus and its anamorphs Curvularia and Bipolaris had already been reported in Attini ants [ 71 ]."
PMC2877093,Streptococcaceae,interactsWith,Formicidae,False,False,,(sujeito e/ou objeto não mencionados no texto)
PMC3118224,Ophiocordyceps,kills,Formicidae,False,False,,(sujeito e/ou objeto não mencionados no texto)
PMC3118224,Ophiocordycipitaceae,kills,Formicidae,False,False,,(sujeito e/ou objeto não mencionados no texto)
PMC3227565,Formicidae,interactsWith,Bacteria,False,False,,(sujeito e/ou objeto não mencionados no texto)
PMC3342268,Ophiocordyceps,interactsWith,Formicidae,False,False,,(sujeito e/ou objeto não mencionados no texto)
PMC3342268,Ophiocordyceps camponoti-rufipedis,pathogenOf,Formicidae,False,False,,(sujeito e/ou objeto não mencionados no texto)
PMC3342268,Ophiocordyceps,parasiteOf,Formicidae,False,False,,(sujeito e/ou objeto não mencionados no texto)
PMC3478247,Cordycipitaceae,pathogenOf,Formicidae,False,False,,(sujeito e/ou objeto não mencionados no texto)
PMC3679412,Acromyrmex,eats,Deconica,False,False,,(sujeito e/ou objeto não mencionados no texto)
PMC3695770,Formicidae,hasHost,Bacteria,False,False,,(sujeito e/ou objeto não mencionados no texto)
PMC3927607,Candidatus Blochmannia,symbiontOf,Formicidae,False,False,,(sujeito e/ou objeto não mencionados no texto)
PMC3927607,Enterobacteriaceae,symbiontOf,Formicidae,False,False,,(sujeito e/ou objeto não mencionados no texto)
PMC4305282,Escovopsioides,pathogenOf,Attini,False,False,,(sujeito e/ou objeto não mencionados no texto)
PMC4305282,Escovopsioides,interactsWith,Attini,False,False,,(sujeito e/ou objeto não mencionados no texto)
PMC4566169,Klebsiella variicola,interactsWith,Formicidae,False,False,,(sujeito e/ou objeto não mencionados no texto)
PMC4566169,Enterobacteriaceae,interactsWith,Formicidae,False,False,,(sujeito e/ou objeto não mencionados no texto)
PMC5651009,Streptomyces,interactsWith,Paratrechina,False,False,,(sujeito e/ou objeto não mencionados no texto)
PMC5804314,Hypocreales,parasiteOf,Formicidae,False,False,,(sujeito e/ou objeto não mencionados no texto)
PMC5881028,Attini,coOccursWith,Actinomycetales,False,False,,(sujeito e/ou objeto não mencionados no texto)
PMC5997659,Thelohaniidae,pathogenOf,Formicidae,False,False,,(sujeito e/ou objeto não mencionados no texto)
PMC6002356,Ophiocordyceps camponoti-renggeri,pathogenOf,Formicidae,False,False,,(sujeito e/ou objeto não mencionados no texto)
PMC6002356,Ophiocordyceps camponoti-bispinosi,pathogenOf,Formicidae,False,False,,(sujeito e/ou objeto não mencionados no texto)
PMC6002356,Ophiocordyceps camponoti-femorati,pathogenOf,Formicidae,False,False,,(sujeito e/ou objeto não mencionados no texto)
PMC6002356,Ophiocordyceps camponoti-floridani,pathogenOf,Formicidae,False,False,,(sujeito e/ou objeto não mencionados no texto)
PMC6002356,Ophiocordyceps camponoti-atricipis,pathogenOf,Formicidae,False,False,,(sujeito e/ou objeto não mencionados no texto)
PMC6002356,Ophiocordyceps camponoti-nidulantis,pathogenOf,Formicidae,False,False,,(sujeito e/ou objeto não mencionados no texto)
PMC6002356,Ophiocordyceps camponoti-hippocrepidis,pathogenOf,Formicidae,False,False,,(sujeito e/ou objeto não mencionados no texto)
PMC6002356,Ophiocordyceps camponoti-novogranadensis,pathogenOf,Formicidae,False,False,,(sujeito e/ou objeto não mencionados no texto)
PMC6002356,Ophiocordyceps oecophyllae,pathogenOf,Formicidae,False,False,,(sujeito e/ou objeto não mencionados no texto)
PMC6055595,Burkholderiaceae,interactsWith,Formicidae,False,False,,(sujeito e/ou objeto não mencionados no texto)
PMC6154731,Attini,interactsWith,Actinobacteria,False,False,,(sujeito e/ou objeto não mencionados no texto)
PMC6169396,Entomophthoraceae,pathogenOf,Formicidae,False,False,,(sujeito e/ou objeto não mencionados no texto)
PMC6169396,Pandora formicae,pathogenOf,Formicidae,False,False,,(sujeito e/ou objeto não mencionados no texto)
PMC7042692,Acetobacteraceae,interactsWith,Formicidae,False,False,,(sujeito e/ou objeto não mencionados no texto)
PMC7042692,Acetobacteraceae,interactsWith,Camponotus,False,False,,(sujeito e/ou objeto não mencionados no texto)
PMC7140316,Tubulinosematidae,pathogenOf,Formicidae,False,False,,(sujeito e/ou objeto não mencionados no texto)
PMC7156370,Ophiocordyceps,pathogenOf,Colobopsis,False,False,,(sujeito e/ou objeto não mencionados no texto)
PMC7156370,Ophiocordyceps,parasiteOf,Colobopsis,False,False,,(sujeito e/ou objeto não mencionados no texto)
PMC7341126,Ophiocordycipitaceae,interactsWith,Formicidae,False,False,,(sujeito e/ou objeto não mencionados no texto)
PMC7341126,Ophiocordyceps,pathogenOf,Formicidae,False,False,,(sujeito e/ou objeto não mencionados no texto)
PMC7497042,Anaplasmataceae,pathogenOf,Formicidae,False,False,,(sujeito e/ou objeto não mencionados no texto)
PMC7908599,Formicidae,preysOn,Desulfonatronovibrionaceae,False,False,,(sujeito e/ou objeto não mencionados no texto)
PMC7908599,Formicidae,preysOn,Desulfonatronospira thiodismutans,False,False,,(sujeito e/ou objeto não mencionados no texto)
PMC8060704,Formicidae,interactsWith,Hyphomicrobiales,False,False,,(sujeito e/ou objeto não mencionados no texto)
PMC8151820,Bipolaris,pathogenOf,Atta,False,False,,(sujeito e/ou objeto não mencionados no texto)
PMC8151820,Pleosporaceae,pathogenOf,Formicidae,False,False,,(sujeito e/ou objeto não mencionados no texto)
PMC8151820,Curvularia,pathogenOf,Atta,False,False,,(sujeito e/ou objeto não mencionados no texto)
PMC8207340,Escovopsis,pathogenOf,Attini,False,False,,(sujeito e/ou objeto não mencionados no texto)
PMC8207341,Escovopsis,pathogenOf,Atta,False,False,,(artigo não encontrado ou sem content)
PMC8207342,Escovopsis,pathogenOf,Apterostigma pilosum,False,False,,(artigo não encontrado ou sem content)
PMC8207343,Escovopsis,pathogenOf,Acromyrmex,False,False,,(artigo não encontrado ou sem content)
PMC8207344,Escovopsis,pathogenOf,Cyphomyrmex,False,False,,(artigo não encontrado ou sem content)
PMC8207345,Escovopsis,pathogenOf,Apterostigma dentigerum,False,False,,(artigo não encontrado ou sem content)
PMC8207346,Hypocreaceae,parasiteOf,Formicidae,False,False,,(artigo não encontrado ou sem content)
PMC8207347,Escovopsis,parasiteOf,Apterostigma dentigerum,False,False,,(artigo não encontrado ou sem content)
PMC8207348,Escovopsis,parasiteOf,Apterostigma pilosum,False,False,,(artigo não encontrado ou sem content)
PMC8207349,Escovopsis,pathogenOf,Cyphomyrmex muelleri,False,False,,(artigo não encontrado ou sem content)
PMC8207350,Escovopsis,pathogenOf,Cyphomyrmex costatus,False,False,,(artigo não encontrado ou sem content)
PMC8383443,Luteomyces,interactsWith,Mycocepurus,False,False,,(sujeito e/ou objeto não mencionados no texto)
PMC8537540,Pleosporaceae,hasVector,Formicidae,False,False,,(sujeito e/ou objeto não mencionados no texto)
PMC8537540,Alternaria infectoria,hasVector,Formicidae,False,False,,(sujeito e/ou objeto não mencionados no texto)
