pmid,title,doi,section,ant_hits,microbe_hits,interaction_hits,score,snippet
20520762,Bacterial Gut Symbionts Contribute to Seed Digestion in an Omnivorous Beetle,10.1371/journal.pone.0010831,DISCUSSION,2,47,14,18,"Lactococcus garvaeae was also found in the stomachs of the more predatory carabid, Poecilus chalcites [44] and the stomachs of fire ants ( Solenopsis invicta ) [62] . Other research has found that changes in an insect's diet accompany changes in bacterial gut communities [64] , [75] ; for example, substantially different bacterial communities resided within cohorts of Lymantria dispar (Lepidoptera: Lymantriidae) caterpillars fed different host plants [64] ."
20520762,Bacterial Gut Symbionts Contribute to Seed Digestion in an Omnivorous Beetle,10.1371/journal.pone.0010831,INTRODUCTION,1,18,8,10,"Microbial symbioses are known to play a role in facilitating this omnivory in a number of insects (e.g., cockroaches, crickets, carpenter ants) [9] , [10] , [18] , [23] , [24] ."
21399679,"Hidden Diversity Behind the Zombie-Ant Fungus Ophiocordyceps unilateralis: Four New Species Described from Carpenter Ants in Minas Gerais, Brazil",10.1371/journal.pone.0017024,RESULTS AND DISCUSSION,14,14,6,34,at the global level which in turn will allow us to look beyond the ant-infecting Ophiocordyceps and ask how specialised are other species of Ophiocordyceps attacking members of diverse insect orders from the Orthoptera to Lepidoptera.
21399679,"Hidden Diversity Behind the Zombie-Ant Fungus Ophiocordyceps unilateralis: Four New Species Described from Carpenter Ants in Minas Gerais, Brazil",10.1371/journal.pone.0017024,INTRODUCTION,17,13,5,31,"unilateralis has only ever been recorded on ant hosts of the tribe Camponotini , whilst leaf-cutting ants appear to be remarkably free from infections by entomopathogenic fungi with few confirmed associations [5] , [6] ."
21554670,Behavioral mechanisms and morphological symptoms of zombie ants dying from fungal infection,10.1186/1472-6785-11-13,RESULTS,72,18,25,61,Focal animal observation periodogram of ants infected by Ophiocordyceps unilateralis s.l .
21554670,Behavioral mechanisms and morphological symptoms of zombie ants dying from fungal infection,10.1186/1472-6785-11-13,BACKGROUND,23,15,24,54,"Worker ants infected by fungal parasites belonging to the genus Ophiocordyceps express death grip behavior shortly before dying for no apparent other purpose than to assist parasite reproduction [ 15 , 16 ]."
22140426,Dancing for Food in the Deep Sea: Bacterial Farming by a New Species of Yeti Crab,10.1371/journal.pone.0026243,INTRODUCTION,1,36,4,6,"From ants that use symbiotic bacteria to protect the fungi that they farm [1] to polychaetes that “garden” bacteria [2] , animals have developed a diversity of mechanisms to increase their symbionts' productivity and health."
22140426,Dancing for Food in the Deep Sea: Bacterial Farming by a New Species of Yeti Crab,10.1371/journal.pone.0026243,RESULTS AND DISCUSSION,0,41,6,6,"were covered with bacteria, even though the density of bacteria was much reduced compared to the WBS."
22567151,Disease Dynamics in a Specialized Parasite of Ant Societies,10.1371/journal.pone.0036352,DISCUSSION,31,28,49,105,"The model is build on the assumption that ant infecting Ophiocordyceps do not produce persistent resting spores and do not grow naturally in the absence of ant hosts, which all available evidence supports."
22567151,Disease Dynamics in a Specialized Parasite of Ant Societies,10.1371/journal.pone.0036352,MATERIALS AND METHODS,19,16,37,69,"The forest harbours a high density and diversity of Ophiocordyceps that infect ants, of which O."
23772357,"Foraging of Psilocybe basidiocarps by the leaf-cutting ant Acromyrmex lobicornis in Santa Fé, Argentina",10.1186/2193-1801-2-254,RESULTS AND DISCUSSION,14,20,3,31,"The ‘Consumption First’ model (Weber 1972 ) postulates that a fungus species which was at first collected and directly consumed by ants might have become a mutualistic symbiont over time, once the ants had become capable of cultivating it and transmitting it to their offspring."
23772357,"Foraging of Psilocybe basidiocarps by the leaf-cutting ant Acromyrmex lobicornis in Santa Fé, Argentina",10.1186/2193-1801-2-254,BACKGROUND,9,5,2,12,The association between Leucoagaricus and leaf-cutting ants is considered to be mutually and obligately symbiotic (Weber 1972 ).
23758657,A unique midgut-associated bacterial community hosted by the cave beetle Cansiliella servadeii (Coleoptera: Leptodirini) reveals parallel phylogenetic divergences from universal gut-specific ancestors,10.1186/1471-2180-13-129,BACKGROUND,4,13,4,12,In these ants the onset of herbivory has been postulated to be the result of the link with internal bacteria.
23758657,A unique midgut-associated bacterial community hosted by the cave beetle Cansiliella servadeii (Coleoptera: Leptodirini) reveals parallel phylogenetic divergences from universal gut-specific ancestors,10.1186/1471-2180-13-129,RESULTS,1,27,5,7,"analysis gave similarities that in most cases were below the species and even genus limit (respectively for the 89.04% and 63% of the samples), nevertheless the best matches of a vast majority of clones corresponded to bacteria occurring in different insects gut, including ants, termites, and beetles (Table 2 )."
24710297,Annotation of Protein Domains Reveals Remarkable Conservation in the Functional Make up of Proteomes Across Superkingdoms,10.3390/genes2040869,RESULTS AND DISCUSSION,2,57,23,27,"These included Candidatus Blochmannia floridanus (symbiont of ants), Baumannia cicadellinicola (symbiont of sharpshooter insect), Candidatus Riesia pediculicola, Candidatus Carsonella ruddii (symbiont of sap-feeding insects) and Candidatus Hodgkinia cicadicola (symbiont of cicadas)"
24710297,Annotation of Protein Domains Reveals Remarkable Conservation in the Functional Make up of Proteomes Across Superkingdoms,10.3390/genes2040869,EFFECT OF ORGANISM LIFESTYLE,0,3,14,14,"This organism interacts with Ignicoccus hospitalis, establishing the only known parasite/symbiont relationship of Archaea, and harbors a highly reduced genome [ 29 ]."
25617836,New Light on the Systematics of Fungi Associated with Attine Ant Gardens and the Description of Escovopsis kreiselii sp. nov,10.1371/journal.pone.0112067,INTRODUCTION,19,27,17,55,kreiselii and the previously described species in a clade of Hypocreaceae fungi associated with attine ants.
25617836,New Light on the Systematics of Fungi Associated with Attine Ant Gardens and the Description of Escovopsis kreiselii sp. nov,10.1371/journal.pone.0112067,DISCUSSION,13,62,21,47,"[ 6 , 7 ] provided evidence that Escovopsis is a specific parasite of the mutualistic fungus cultivated by attine ants and that Escovopsis has co-evolved with the ants’ fungal cultivar, as evidenced by co-cladogenesis between species of both fungi."
26358587,"Genome Sequences of Klebsiella variicola Isolates from Dairy Animals with Bovine Mastitis from Newfoundland, Canada",10.1128/genomeA.00938-15,GENOME ANNOUNCEMENT,1,4,13,15,"The genus Klebsiella comprises species capable of colonizing diverse environmental niches ( 1 ) and includes the opportunistic human pathogens K. pneumoniae and K. oxytoca ( 2 , 3 ). In comparison, Klebsiella variicola was first reported as a nonpathogenic plant-associated species ( 2 ), which was also isolated from the nests of leafcutter ants (strain AT-22) and from sugarcane (strain DX120E) ( 4 , 5 )."
26586868,Draft Genome Sequence of the Ant-Associated Fungus Phialophora attae (CBS 131958),10.1128/genomeA.01099-15,GENOME ANNOUNCEMENT,7,3,10,16,"The ant-fungus symbiosis probably originated 50 million years ago ( 7 , 8 )."
27727237,Eukaryotic association module in phage WO genomes from Wolbachia,10.1038/ncomms13155,RESULTS,3,34,17,23,"This ant genome assembly was based on samples from a region rarely infected with Wolbachia (Y Wurm, personal communication) and there are no other Wolbachia /prophage WO homologues in the S."
27727237,Eukaryotic association module in phage WO genomes from Wolbachia,10.1038/ncomms13155,DISCUSSION,0,53,18,18,"d cleavage sites central to eukaryotic functions, (ii) occur in both phage and metazoan hosts, (iii) comprise the second largest phage gene to date (14,256 bp) and (iv) are absent from mutualistic, phage-free genomes of Wolbachia ."
28490957,Isolation of the symbiotic fungus of Acromyrmex pubescens and phylogeny of Leucoagaricus gongylophorus from leaf-cutting ants,10.1016/j.sjbs.2016.05.010,DISCUSSION,32,27,16,70,(2015) made a Phylogenetic analysis of the ITS region where the tree showed two distinct groups (branches in tree) regarding the symbiont fungus isolates from Acromyrmex heyeri and Acromyrmex ambiguous evidencing differences in the strain.
28490957,Isolation of the symbiotic fungus of Acromyrmex pubescens and phylogeny of Leucoagaricus gongylophorus from leaf-cutting ants,10.1016/j.sjbs.2016.05.010,INTRODUCTION,28,43,10,66,The possibility of controlling leaf-cutting ants with biological methods has generated great interest in diverse studies involving the fungi cultivated by ants.
29089938,Evidence for Widespread Associations between Neotropical Hymenopteran Insects and Actinobacteria,10.3389/fmicb.2017.02016,RESULTS,22,48,29,73,"clavata ants were classified by macro and micromorphology as well as ITS, SSU and E-1α sequences, within the Ophiocodycipitaceae family where all Cordyceps fungi infecting ants are grouped."
29089938,Evidence for Widespread Associations between Neotropical Hymenopteran Insects and Actinobacteria,10.3389/fmicb.2017.02016,DISCUSSION,12,19,31,55,clavata ants could inhibit the ant’s parasitic fungus O.
29412361,Entomopathogenic fungi and their potential for the management of Aedes aegypti (Diptera: Culicidae) in the Americas,10.1590/0074-02760170369,,0,0,0,0,(sem content)
29629421,In Search of Model Ecological Systems for Understanding Specialized Metabolism,10.1128/mSystems.00175-17,CRITERIA FOR IDEAL MODEL ECOLOGICAL SYSTEMS,0,53,11,11,We view several elements as essential for maximizing the benefit of building model microbiome systems.
29629421,In Search of Model Ecological Systems for Understanding Specialized Metabolism,10.1128/mSystems.00175-17,POTENTIAL MODEL SYSTEMS AND THEIR ANALYSIS,1,10,6,8,"The associations in which attine ants and wasps utilize actinomycetes as a means to potentially repel pathogens are notable from the standpoint of chemical ecology, since the hypothetical role of these molecules in these systems is clear."
29895884,Europe-wide reassessment of Dictyocoela (Microsporidia) infecting native and invasive amphipods (Crustacea): molecular versus ultrastructural traits,10.1038/s41598-018-26879-3,DISCUSSION,2,0,51,51,"5 included a Thelohania sequence in their phylogenetic tree (infecting red fire ants), and this parasite clustered in the clade that was the most distant from the Dictyocoela group."
29895884,Europe-wide reassessment of Dictyocoela (Microsporidia) infecting native and invasive amphipods (Crustacea): molecular versus ultrastructural traits,10.1038/s41598-018-26879-3,RESULTS,0,2,26,26,Figure 3 Pathogenicity of Dictyocoela spp.: ( A ) Gammarus varsoviensis infected with Dictyocoela muelleri .
29910522,Zombie-ant fungi across continents: 15 new species and new combinations within Ophiocordyceps. I. Myrmecophilous hirsutelloid species,10.1016/j.simyco.2017.12.002,TAXONOMIC TREATMENT,86,53,29,135,"Found often at the tip of spines, where drops of dew accumulate and surround the whole ant. Abundant species, 10–20 infected ants commonly found on a single palm tree. Ophiocordyceps albacongiuae Araújo, H.C."
29910522,Zombie-ant fungi across continents: 15 new species and new combinations within Ophiocordyceps. I. Myrmecophilous hirsutelloid species,10.1016/j.simyco.2017.12.002,DISCUSSION,34,57,30,98,Fungi infecting very small ants such as O.
30042898,Trends in bacterial and fungal communities in ant nests observed with Terminal-Restriction Fragment Length Polymorphism (T-RFLP) and Next Generation Sequencing (NGS) techniques—validity and compatibility in ecological studies,10.7717/peerj.5289,INTRODUCTION,13,48,1,27,"Studies that utilize both T-RFLP and NGS data to explore fungal communities appear absent from the literature, as do studies comparing both bacterial and fungal communities using both techniques. Ants are frequent in most terrestrial environments ( Vander Meer, 2012 ), often being referred to as ecosystem engineers due to their skills in manipulating the abiotic and biotic properties of soil ( Dauber, Schroeter &"
30042898,Trends in bacterial and fungal communities in ant nests observed with Terminal-Restriction Fragment Length Polymorphism (T-RFLP) and Next Generation Sequencing (NGS) techniques—validity and compatibility in ecological studies,10.7717/peerj.5289,DISCUSSION,7,65,6,20,"However, the literature on fungi associated with ants is focused solely on the fungus-farming ants and the restricted number of fungal species they cultivate, or the few insect pathogenic fungi studied in connection with ants ( Hughes et al., 2004 )."
28468277,Sampling Terrestrial Environments for Bacterial Polyketides,10.3390/molecules22050707,SOCIAL INSECTS AS SOURCES FOR BACTERIAL POLYKETIDE DISCOVERY,37,74,27,101,Many ants cultivate fungus for food.
28468277,Sampling Terrestrial Environments for Bacterial Polyketides,10.3390/molecules22050707,NON-SOCIAL INSECTS AS SOURCES FOR POLYKETIDES,1,133,39,41,"Insect-associated bacteria are the most studied of the environments that we review in this article. A large literature is available to help pick where to sample. The main question in picking samples is whether the kind of insect or the environment that the insect produces is more important. As some of the social insects discussed here are pests (attine ants, Southern Pine Bark beetles, the Formosan termite), plant protection or pest control offices may be able to help find sampling sites."
30111619,Early Diverging Insect-Pathogenic Fungi of the Order Entomophthorales Possess Diverse and Unique Subtilisin-Like Serine Proteases,10.1534/g3.118.200656,DISCUSSION,1,33,15,17,The two insect-pathogenic fungi specialized on house flies ( E. muscae ) and wood ants ( P.
30111619,Early Diverging Insect-Pathogenic Fungi of the Order Entomophthorales Possess Diverse and Unique Subtilisin-Like Serine Proteases,10.1534/g3.118.200656,MATERIALS AND METHODS,4,11,3,11,"thromboides FSU 785 from the US Department of Energy Joint Genome Institute MycoCosm genome portal ( http://jgi.doe.gov/-fungi ). Third, predicted coding regions in the genome sequence of C. incongruus CDC-B7586 ( Chibucos et al. , 2016 ), were searched for the presence of the S8 subtilisin-like protease domain (PF00082) as described above. Sequences encoding an incomplete Asp-His-Ser catalytic triad (DHS triad) characteristic of S8 family proteases were regarded as potential pseudogenes and excluded from further analysis. Although a subset may represent neofunctionalizations, the risk of including false-positive SLSPs in down-stream analyses were considered too high. A preliminary protein alignment made with ClustalW ( Larkin et al. , 2007 ) using default parameters and construction of a Neighbor-Joining tree using Geneious 4.8.5 ( Kearse et al. , 2012 ) revealed a highly divergent group of P. formicae SLSP-sequences that had significant homology with insect proteases (blastp, E-value < 1e-6, ncbi-nr protein database, accessed June 2017). These putative insect-sequences likely originate from the ant host, Formica polyctena , and represents host contamination that were not filtered out from the dual-RNAseq reads used to construct the P."
31765476,Fifty Shades of the Harlequin Ladybird and a Sexually Transmitted Fungus,10.1093/jisesa/iez107,DISCUSSION,5,10,36,46,"They found that ants with high Laboulbenia levels showed elevated expression of immune genes relevant for wound repair and antifungal responses (β -1,3-glucan binding protein , Prophenoloxidase ) compared with ants carrying low Laboulbenia levels. The fungus also mediated prophylactic protection against the entomopathogen Metarhizium brunneum Petch (Ascomycota: Hypocreales) ( Konrad et al."
31765476,Fifty Shades of the Harlequin Ladybird and a Sexually Transmitted Fungus,10.1093/jisesa/iez107,RESULTS,0,2,37,37,"Infected males were more likely to have fungal thalli in more than one zone (= heavily infected, see Fig."
32098813,Horizontal Gene Transfer to a Defensive Symbiont with a Reduced Genome in a Multipartite Beetle Microbiome,10.1128/mBio.02430-19,RESULTS AND DISCUSSION,2,78,28,32,"In addition to the leaf nodule Burkholderia symbionts (see above), horizontal acquisition of genes has been observed in two types of reduced-genome symbionts, namely, eukaryotic parasites in the genus Encephalitozoon ( 111 ) and Acetobacteraceae strains associated with the gut community of red carpenter ants ( 112 )."
32098813,Horizontal Gene Transfer to a Defensive Symbiont with a Reduced Genome in a Multipartite Beetle Microbiome,10.1128/mBio.02430-19,THE EVOLUTION OF,1,47,17,19,"In addition to the leaf nodule Burkholderia symbionts (see above), horizontal acquisition of genes has been observed in two types of reduced-genome symbionts, namely, eukaryotic parasites in the genus Encephalitozoon ( 111 ) and Acetobacteraceae strains associated with the gut community of red carpenter ants ( 112 )."
32268912,"Multilocus sequence typing of Enterocytozoon bieneusi in crab-eating macaques (Macaca fascicularis) in Hainan, China",10.1186/s13071-020-04046-w,DISCUSSION,1,1,2,4,"However, few studies analyzed the MLGs of this pathogen in NHPs in China. In the present study, 33 MLGs were identified from 53 E. bieneusi -positive samples from macaque monkeys, indicating a high genetic diversity within some common ITS genotypes (Type IV, Macaques3 and Peru8), and supporting high-resolution of the multilocus sequencing tool established by Feng et al. [ 32 ]. A strong and significant intragenic LD was observed in the analysis of the MLST data, indicating an overall clonal population structure of E. bieneusi in this study. In previous studies, the strong and significant intragenic LD obtained was used as an indication for the presence of a clonal population structure of E. bieneusi in the AIDS patients, giant pandas, pigs, fur animals and NHPs [ 36 , 37 , 47 , 49 , 50 ]. Therefore, there was a clonal endemicity of E. bieneusi in the study population. Nevertheless, the MLGs found in crab-eating macaques were not segregated by ITS genotypes, indicating the existence of genetic recombination in the E. bieneusi population studied. In previous investigations, E. bieneusi MLGs were segregated by ITS genotypes for some genotypes with narrower host ranges, such as A, EbpA, SCO2 and Cs-4, but not for zoonotic genotypes such as Type IV, D, WL11 and Peru11 [ 15 , 16 ]. Similarly, in this study, MLGs of E. bieneusi in crab-eating macaques were also not segregated by ITS genotypes, especially for the zoonotic genotypes Type IV and Peru8. Genetic recombination appears to be common in some microsporidia of insects, including Kneallhazia solenopsae in fire ants and Andreanna caspii in mosquitoes."
32268912,"Multilocus sequence typing of Enterocytozoon bieneusi in crab-eating macaques (Macaca fascicularis) in Hainan, China",10.1186/s13071-020-04046-w,BACKGROUND,0,3,2,2,"Enterocytozoon bieneusi is an obligate intracellular pathogen infecting humans, domestic animals and wildlife [ 1 ]."
32286458,"Evaluating the tradeoffs of a generalist parasitoid fungus, Ophiocordyceps unilateralis, on different sympatric ant hosts",10.1038/s41598-020-63400-1,RESULTS,80,59,42,160,3B ) Figure 3 Occurrence of ant infections by Ophiocordyceps unilateralis sensu lato .
32286458,"Evaluating the tradeoffs of a generalist parasitoid fungus, Ophiocordyceps unilateralis, on different sympatric ant hosts",10.1038/s41598-020-63400-1,DISCUSSION,28,23,56,102,"During the fungal infection progress, once the ant mandibles are secured to the leaf vein, atrophy immediately sets in."
32518897,"Epitypification and re-description of the zombie-ant fungus, Ophiocordyceps unilateralis (Ophiocordycipitaceae)",10.3114/fuse.2018.01.02,INTRODUCTION,23,18,7,43,"In addition, it stimulated on-going research on the nature of the ant-fungal association, as well as on fungal phylogeny, that has generated a wealth of information (reviewed in Hughes et al ."
32518897,"Epitypification and re-description of the zombie-ant fungus, Ophiocordyceps unilateralis (Ophiocordycipitaceae)",10.3114/fuse.2018.01.02,RESULTS,13,6,3,15,The explanation for this variability of the fungus within a single ant species may lie in the recently-confirmed classification of C.
32354705,Genetic Underpinnings of Host Manipulation by Ophiocordyceps as Revealed by Comparative Transcriptomics,10.1534/g3.120.401290,DATA AVAILABILITY,252,210,176,596,Ant-infecting Ophiocordyceps genomes are enriched for heat-labile enterotoxins compared to generalist fungal pathogens and have been suggested to play a major role in Ophiocordyceps pathogenesis.
32354705,Genetic Underpinnings of Host Manipulation by Ophiocordyceps as Revealed by Comparative Transcriptomics,10.1534/g3.120.401290,MATERIALS AND METHODS,48,25,25,75,"We painted ants to distinguish treatment groups (POSCA paint pens, Uni) one to three days in advance of infection by fungal injection ( de Bekker et al."
32243090,MitoFinder: Efficient automated large‐scale extraction of mitogenomic data in target enrichment phylogenomics,10.1111/1755-0998.13160,DISCUSSION,13,6,1,13,"Wolbachia infection is frequent among ants and could therefore be responsible of some mitonuclear discordance (Wenseleers et al., 1998 )."
32243090,MitoFinder: Efficient automated large‐scale extraction of mitogenomic data in target enrichment phylogenomics,10.1111/1755-0998.13160,THE VALUE OF COMPLEMENTARY MITOCHONDRIAL SIGNAL,10,6,1,13,"Wolbachia infection is frequent among ants and could therefore be responsible of some mitonuclear discordance (Wenseleers et al., 1998 )."
33194385,Mortality of native and invasive ladybirds co-infected by ectoparasitic and entomopathogenic fungi,10.7717/peerj.10110,DISCUSSION,3,16,37,43,"These authors found that Laboulbenia -infected Lasius neglectus ants (Hymenoptera, Formicidae) showed a decreased susceptibility to M. brunneum . This protection against Metarhizium was positively correlated with parasite load."
33194385,Mortality of native and invasive ladybirds co-infected by ectoparasitic and entomopathogenic fungi,10.7717/peerj.10110,INTRODUCTION,0,14,27,27,"At the same time, dual infections (even if causing an increase in host mortality) may be deleterious to one or both pathogens in terms of pathogen growth, fecundity, or other fitness parameters."
33572807,Biological Control of a Phytosanitary Pest (Thaumatotibia leucotreta): A Case Study,10.3390/ijerph18031198,FULL_TEXT,9,14,36,54,"However, in attract-and-kill, semiochemicals are used in combination with insecticides (most often), sterilants, or insect pathogens [ 50 ]. The insect responding to the semiochemical lure will encounter the insecticide or sterilizing agent, which effectively eliminates it from the population after a short time [ 51 ]. Currently, only one product based on the attract-and-kill technology is commercially available for management of T. leucotreta . The product, under the name Last Call FCM (Insect Science, Tzaneen, South Africa), consists of a blend of synthesized female sex pheromone and a pyrethroid, in the form of a gel. The combination attracts and kills male moths [ 46 ]. As with mating disruption, the technique is density-dependent, but it does not appear to be as effective as the currently available mating disruption products. Attract-and-kill technology should, therefore, not be used as the sole control method, unless the FCM population is at a low level [ 46 ].  5. PARASITOIDS  Thaumatotibia leucotreta has a range of natural enemies that suppress it in the field [ 14 ]. The most effective biological control agent against T. leucotreta is the egg parasitoid, Trichogrammatoidea cryptophlebiae Nagaraja (Hymenoptera: Trichogrammatidae) [ 52 , 53 ]. Where undisrupted, parasitism from naturally occurring T. cryptophlebiae reached between 80% and 100%, causing from a 67% reduction in T. leucotreta infestation in Navel oranges from December to harvest to total elimination of detectable T. leucotreta infestation by harvest [ 46 ]. However, due to a number of abiotic factors, the effectiveness of T. cryptophlebiae in controlling T. leucotreta can be variable [ 54 ]. Additionally, it is highly sensitive to chemical pesticides, and injudicious selection of treatments for other pests may effectively reduce the parasitoid to negligible levels [ 46 , 55 ]. Initial studies on the effectiveness of T. cryptophlebiae augmentation were conducted during the 1970s and 1980s [ 56 , 57 , 58 ]. Schwartz [ 57 ] demonstrated up to a 75% reduction in T. leucotreta larval infestation of fruit, by releasing more than 862,000 parasitoids per hectare over a 3-month period. Newton and Odendaal [ 59 ] released 1.5–3.8 million parasitoids per hectare, divided into weekly releases. Results were variable, but larval populations were reduced by up to 61%. However, such high density and frequent releases as used in both of these studies are likely to be impractical and expensive if conducted on a commercial scale. Admittedly, Newton [ 58 ] and Newton and Odendaal [ 59 ] referred to their strategy as inundative. More recently, it was shown that a more practical and affordable inoculative release approach can be effective [ 49 ]. As few as 100,000 parasitoids released per hectare (25,000 parasitoids per month for four consecutive months) reduced T. leucotreta infestation by up to 60% [ 49 ]. Imperative to achieving this level of success is the early initiation of releases. Releases initiated in October (spring) resulted in a greater reduction in T. leucotreta infestation than those initiated during November and December [ 60 ]. Historically, commercial mass rearing and augmentation of T. cryptophlebiae have been conducted by Cederberg Insectary in Citrusdal in the Western Cape Province [ 61 ] and at Zebediela Estate in Limpopo Province [ 62 , 63 ]. Currently, there is only one commercial insectary doing this: Vital Bugs in Limpopo Province. Consequently, augmentation of T. cryptophlebiae can only be conducted over a fairly limited area; thus, conservation of the naturally occurring population remains an attractive, practical, and universally available option. If parasitoids are available for augmentation, release is easily conducted by growers in the form of parasitized eggs placed at various well-spaced intervals throughout orchards, on a monthly basis for 4 months; thus, it is not an onerous process. However, if this cannot be initiated early in the season (spring or early summer), possibly due to the detrimental impact of chemical sprays applied against other pests, then augmentation should not be considered a viable option. Several other parasitoids of T. leucotreta have been recorded, as listed by Newton [ 62 ] and Moore [ 53 ]. Probably the most effective of these is the larval parasitoid, Agathis bishopi (Nixon) [ 64 , 65 , 66 ]. However, no mass rearing or augmentation programme exists for this or any of the other species. Consequently, the only benefit that can be derived from them is through conservation, by following a biointensive integrated pest management (IPM) approach.  6. PREDATORS  Ants are considered as important pests in citrus trees."
33897646,Gut Structure and Microbial Communities in Sirex noctilio (Hymenoptera: Siricidae) and Their Predicted Contribution to Larval Nutrition,10.3389/fmicb.2021.641141,INTRODUCTION,2,13,5,9,"For example, some ant species have several specialized gut bacteria and associated morphological modifications of the gut ( Caetano et al., 2009 ; Russell et al., 2009 ). In different ant genera, herbivory is strongly correlated with the prevalence of Rhizobiales as gut symbionts ( Russell et al., 2009 )."
33897646,Gut Structure and Microbial Communities in Sirex noctilio (Hymenoptera: Siricidae) and Their Predicted Contribution to Larval Nutrition,10.3389/fmicb.2021.641141,DISCUSSION,0,60,5,5,"Bignell (1981) also report the digestion of cellulose and hemicellulose in the crop of cockroaches using enzymes from the midgut, which was colonized by bacteria."
34067085,Black Fungi and Hydrocarbons: An Environmental Survey for Alkylbenzene Assimilation,10.3390/microorganisms9051008,FULL_TEXT,66,173,133,265,"Ant domatia-associated fungal species present smaller genomes than other related species in the Chaetothyriales, which might occur due to the specialized symbiosis with the insects [ 47 ]."
34141201,Disease management in two sympatric Apterostigma fungus‐growing ants for controlling the parasitic fungus Escovopsis,10.1002/ece3.7379,DISCUSSION,55,109,74,184,"This is consistent with the hypothesis that both the ants and their mutualistic fungi are under selection to maintain defenses that suppress the parasites that infect them in nature, and it is also consistent with previous work indicating that both ant genotype and cultivar lineage influence the out"
34141201,Disease management in two sympatric Apterostigma fungus‐growing ants for controlling the parasitic fungus Escovopsis,10.1002/ece3.7379,MATERIALS AND METHODS,12,64,23,47,"Both ant species cultivate their fungi on decomposing vegetation, insect detritus and frass (Fernández‐Marín et al., 2004 ; González et al., 2016 )."
34194409,Host Susceptibility Modulates Escovopsis Pathogenic Potential in the Fungiculture of Higher Attine Ants,10.3389/fmicb.2021.673444,DISCUSSION,22,123,28,72,"Escovopsis fungi are reported as parasites of attine ants symbiosis ( Currie et al., 1999a ; Currie, 2001 ), and here we explore to what extent the susceptibility of the ants’ fungal cultivars and fungus gardens influence host- Escovopsis interactions."
34194409,Host Susceptibility Modulates Escovopsis Pathogenic Potential in the Fungiculture of Higher Attine Ants,10.3389/fmicb.2021.673444,INTRODUCTION,15,45,24,54,"These ants evolved an obligate mutualistic association with basidiomycete fungi cultivated in ant colonies for food ( Mueller et al., 2005 )."
34429165,Fungi inhabiting attine ant colonies: reassessment of the genus Escovopsis and description of Luteomyces and Sympodiorosea gens. nov,10.1186/s43008-021-00078-8,DISCUSSION,7,43,8,22,"Therefore, future studies should unveil the phylogenetic correspondence of Escovopsis with the ants and the mutualistic fungi, and carefully address the mechanisms of the parasitism of this group of fungi."
34429165,Fungi inhabiting attine ant colonies: reassessment of the genus Escovopsis and description of Luteomyces and Sympodiorosea gens. nov,10.1186/s43008-021-00078-8,INTRODUCTION,7,45,6,20,"Unlike systematics studies, the relationship between Escovopsis and the attine ants’ mutualistic fungi has been the topic of numerous studies (Currie et al."
34682284,Quantifying the Role of Ground Beetles for the Dispersal of Fusarium and Alternaria Fungi in Agricultural Landscapes,10.3390/jof7100863,FULL_TEXT,3,279,27,33,[ 5 ] detected pathogens in similar frequencies in a 3–5 mm large Cocktail Ant ( Crematogaster peringueyi ) than in the 20–45 mm large millipede ( Ommatoiulus moreleti ) but this aspect was not further analyzed by the authors.
22722240,Using host molecules to increase fungal virulence for biological control of insects,10.4161/viru.20956,FULL_TEXT,8,38,28,44,bassiana increased fungal virulence approximately 6-fold toward fire ants (decreased LD 50 ) and decreased the mean survival time (LT 50 ) by ~30%.
